"miRNA","Exo","Ti","CF","Total","Class"
"hsa-let-7a-1",1,0,0,1,"Exo-enriched"
"hsa-let-7a-2",1,0,0,1,"Exo-enriched"
"hsa-let-7a-3",1,0,0,1,"Exo-enriched"
"hsa-let-7a-5p",0,0.288519595143618,0.711480404856382,1,"CF-enriched"
"hsa-let-7b",1,0,0,1,"Exo-enriched"
"hsa-let-7b-5p",0,0.0296418972439722,0.970358102756028,1,"CF-enriched"
"hsa-let-7c",1,0,0,1,"Exo-enriched"
"hsa-let-7c-5p",0,0.0736331407041213,0.926366859295879,1,"CF-enriched"
"hsa-let-7d",1,0,0,1,"Exo-enriched"
"hsa-let-7d-5p",0,0.27913662209937,0.72086337790063,1,"CF-enriched"
"hsa-let-7e",1,0,0,1,"Exo-enriched"
"hsa-let-7e-5p",0,0.475045565412585,0.524954434587415,1,"Mixed"
"hsa-let-7f-1",1,0,0,1,"Exo-enriched"
"hsa-let-7f-2",1,0,0,1,"Exo-enriched"
"hsa-let-7f-5p",0,0.396623617846139,0.603376382153861,1,"Mixed"
"hsa-let-7g",1,0,0,1,"Exo-enriched"
"hsa-let-7g-5p",0,0.165913297176646,0.834086702823354,1,"CF-enriched"
"hsa-let-7i",1,0,0,1,"Exo-enriched"
"hsa-let-7i-5p",0,0.123948068264605,0.876051931735395,1,"CF-enriched"
"hsa-miR-100-5p",0,0.097827539104551,0.902172460895449,1,"CF-enriched"
"hsa-miR-101-2-5p",0,0,1,1,"CF-enriched"
"hsa-miR-101-5p",0,0,1,1,"CF-enriched"
"hsa-miR-10392-5p",0,0.909000230353365,0.0909997696466348,1,"Tissue-enriched"
"hsa-miR-10393-3p",0,0.96565821951721,0.0343417804827898,1,"Tissue-enriched"
"hsa-miR-10394-5p",0,0.773761649334722,0.226238350665278,1,"Tissue-enriched"
"hsa-miR-10395-5p",0,1,0,1,"Tissue-enriched"
"hsa-miR-10396a-3p",0,0.866340248534342,0.133659751465659,1,"Tissue-enriched"
"hsa-miR-10396a-5p",0,0.928557537425492,0.0714424625745081,1,"Tissue-enriched"
"hsa-miR-10396b-3p",0,0.981662842776755,0.0183371572232454,1,"Tissue-enriched"
"hsa-miR-10396b-5p",0,0.894922186033415,0.105077813966585,1,"Tissue-enriched"
"hsa-miR-10397-5p",0,1,0,1,"Tissue-enriched"
"hsa-miR-10398-5p",0,0,1,1,"CF-enriched"
"hsa-miR-10399-3p",0,0.668108249741897,0.331891750258103,1,"Mixed"
"hsa-miR-10399-5p",0,0.37141379959787,0.62858620040213,1,"Mixed"
"hsa-miR-10400-5p",0,0.86872894043035,0.13127105956965,1,"Tissue-enriched"
"hsa-miR-10401-3p",0,1,0,1,"Tissue-enriched"
"hsa-miR-105-5p",0,0,1,1,"CF-enriched"
"hsa-miR-10523-5p",0,0.935866078846884,0.0641339211531164,1,"Tissue-enriched"
"hsa-miR-10524-5p",0,0.994228208277681,0.00577179172231932,1,"Tissue-enriched"
"hsa-miR-10527-5p",0,0.851720297770416,0.148279702229584,1,"Tissue-enriched"
"hsa-miR-106a-5p",0,0.979166382677552,0.0208336173224478,1,"Tissue-enriched"
"hsa-miR-106b-5p",0,0.169781962676359,0.830218037323641,1,"CF-enriched"
"hsa-miR-10a-5p",0,0.329789481611094,0.670210518388906,1,"Mixed"
"hsa-miR-10b-5p",0,0.260734043251933,0.739265956748067,1,"CF-enriched"
"hsa-miR-11399",0,1,0,1,"Tissue-enriched"
"hsa-miR-11400",0,0,1,1,"CF-enriched"
"hsa-miR-11401",0,0,1,1,"CF-enriched"
"hsa-miR-1200",0,1,0,1,"Tissue-enriched"
"hsa-miR-12119",0,1,0,1,"Tissue-enriched"
"hsa-miR-12136",0,0.821290423404743,0.178709576595257,1,"Tissue-enriched"
"hsa-miR-122-5p",0,0.00917120706170524,0.990828792938295,1,"CF-enriched"
"hsa-miR-1224-5p",0,0,1,1,"CF-enriched"
"hsa-miR-1226-5p",0,1,0,1,"Tissue-enriched"
"hsa-miR-1228-5p",0,0.00632239729301263,0.993677602706987,1,"CF-enriched"
"hsa-miR-122b-5p",0,0.441042569607364,0.558957430392636,1,"Mixed"
"hsa-miR-1245b-5p",0,0,1,1,"CF-enriched"
"hsa-miR-1246",0,0.145802562998535,0.854197437001465,1,"CF-enriched"
"hsa-miR-1248",0,0.960860821010618,0.0391391789893824,1,"Tissue-enriched"
"hsa-miR-1250-5p",0,0.27788782265912,0.72211217734088,1,"CF-enriched"
"hsa-miR-1255a",0,0.958437974754723,0.0415620252452775,1,"Tissue-enriched"
"hsa-miR-1255b-5p",0,0.0458143927625193,0.954185607237481,1,"CF-enriched"
"hsa-miR-1257",0,0,1,1,"CF-enriched"
"hsa-miR-125a-5p",0,0.347634601385472,0.652365398614528,1,"Mixed"
"hsa-miR-125b-5p",0,0.398695999966056,0.601304000033944,1,"Mixed"
"hsa-miR-126-5p",0,0.019186407139156,0.980813592860844,1,"CF-enriched"
"hsa-miR-1260a",0,0.110872496316671,0.889127503683329,1,"CF-enriched"
"hsa-miR-1260b",0,0.078501975651435,0.921498024348565,1,"CF-enriched"
"hsa-miR-1262",0,0.188095317129368,0.811904682870632,1,"CF-enriched"
"hsa-miR-1268a",0,0.303617621223033,0.696382378776967,1,"Mixed"
"hsa-miR-1268b",0,0.260999491621114,0.739000508378886,1,"CF-enriched"
"hsa-miR-1269b",0,0.188551182353372,0.811448817646628,1,"CF-enriched"
"hsa-miR-127-5p",0,0.672568016048336,0.327431983951664,1,"Mixed"
"hsa-miR-1270",0,0.995416128334978,0.00458387166502215,1,"Tissue-enriched"
"hsa-miR-1271-5p",0,0,1,1,"CF-enriched"
"hsa-miR-1273c",0,1,0,1,"Tissue-enriched"
"hsa-miR-1273h-5p",0,0.858810509265467,0.141189490734533,1,"Tissue-enriched"
"hsa-miR-1275",0,0,1,1,"CF-enriched"
"hsa-miR-1276",0,0,1,1,"CF-enriched"
"hsa-miR-1277-5p",0,0,1,1,"CF-enriched"
"hsa-miR-128-1-5p",0,0.87593529016225,0.12406470983775,1,"Tissue-enriched"
"hsa-miR-128-2-5p",0,1,0,1,"Tissue-enriched"
"hsa-miR-1281",0,1,0,1,"Tissue-enriched"
"hsa-miR-1283",0,1,0,1,"Tissue-enriched"
"hsa-miR-1284",0,1,0,1,"Tissue-enriched"
"hsa-miR-1285-5p",0,0.966995202098732,0.0330047979012677,1,"Tissue-enriched"
"hsa-miR-1287-5p",0,0.326479799654109,0.673520200345891,1,"Mixed"
"hsa-miR-129-5p",0,0.0406617477028998,0.9593382522971,1,"CF-enriched"
"hsa-miR-1291",0,0.688772916211427,0.311227083788573,1,"Mixed"
"hsa-miR-1292-5p",0,0.694073294252919,0.305926705747081,1,"Mixed"
"hsa-miR-1293",0,0.311652043296239,0.688347956703761,1,"Mixed"
"hsa-miR-1296-5p",0,0.125340439815802,0.874659560184198,1,"CF-enriched"
"hsa-miR-1298-5p",0,0,1,1,"CF-enriched"
"hsa-miR-1304-5p",0,0.977044145386216,0.0229558546137837,1,"Tissue-enriched"
"hsa-miR-1306-5p",0,0.56648738195047,0.43351261804953,1,"Mixed"
"hsa-miR-130b-5p",0,0.0115715894927633,0.988428410507237,1,"CF-enriched"
"hsa-miR-132-5p",0,0.184677701891864,0.815322298108136,1,"CF-enriched"
"hsa-miR-1322",0,0.972826848900067,0.0271731510999331,1,"Tissue-enriched"
"hsa-miR-1323",0,0,1,1,"CF-enriched"
"hsa-miR-134-5p",0,0.173855805715715,0.826144194284285,1,"CF-enriched"
"hsa-miR-135a-5p",0,0.627631160660172,0.372368839339828,1,"Mixed"
"hsa-miR-135b-5p",0,0.704026099775917,0.295973900224083,1,"Tissue-enriched"
"hsa-miR-136-5p",0,0.477136380897548,0.522863619102452,1,"Mixed"
"hsa-miR-138-5p",0,0.798041898490615,0.201958101509385,1,"Tissue-enriched"
"hsa-miR-139-5p",0,0.518384428032446,0.481615571967554,1,"Mixed"
"hsa-miR-140-5p",0,0.283337157851289,0.716662842148711,1,"CF-enriched"
"hsa-miR-141-5p",0,0.239840647258384,0.760159352741616,1,"CF-enriched"
"hsa-miR-142-5p",0,0.0567141256295429,0.943285874370457,1,"CF-enriched"
"hsa-miR-143-5p",0,0.707569576625041,0.292430423374959,1,"Tissue-enriched"
"hsa-miR-144-5p",0,0.117442527164482,0.882557472835518,1,"CF-enriched"
"hsa-miR-145-5p",0,0.656013892971914,0.343986107028086,1,"Mixed"
"hsa-miR-1468-5p",0,0.00499926745876767,0.995000732541232,1,"CF-enriched"
"hsa-miR-146a-5p",0,0.300772495010167,0.699227504989833,1,"Mixed"
"hsa-miR-146b-5p",0,0.824030768734377,0.175969231265623,1,"Tissue-enriched"
"hsa-miR-148a-5p",0,0.0996196963723086,0.900380303627691,1,"CF-enriched"
"hsa-miR-148b-5p",0,0.817836359669571,0.182163640330429,1,"Tissue-enriched"
"hsa-miR-149-5p",0,0.259200824841299,0.740799175158701,1,"CF-enriched"
"hsa-miR-150-5p",0,0.353291465930595,0.646708534069405,1,"Mixed"
"hsa-miR-151a-5p",0,0.398745741520799,0.6012542584792,1,"Mixed"
"hsa-miR-151b",0,0.392576095398522,0.607423904601478,1,"Mixed"
"hsa-miR-152-5p",0,0.701102429032992,0.298897570967008,1,"Tissue-enriched"
"hsa-miR-154-5p",0,0,1,1,"CF-enriched"
"hsa-miR-155-5p",0,0.862086616870037,0.137913383129963,1,"Tissue-enriched"
"hsa-miR-1587",0,1,0,1,"Tissue-enriched"
"hsa-miR-15a-5p",0,0.299543053357312,0.700456946642688,1,"CF-enriched"
"hsa-miR-15b-5p",0,0.00206985236101318,0.997930147638987,1,"CF-enriched"
"hsa-miR-16-5p",0,0.414001597002425,0.585998402997575,1,"Mixed"
"hsa-miR-17-5p",0,0.785816441635271,0.214183558364729,1,"Tissue-enriched"
"hsa-miR-181a-5p",0,0.659669342674294,0.340330657325706,1,"Mixed"
"hsa-miR-181b-5p",0,0.822816110940859,0.177183889059141,1,"Tissue-enriched"
"hsa-miR-181c-5p",0,0.71496860546118,0.28503139453882,1,"Tissue-enriched"
"hsa-miR-181d-5p",0,0.844461185346804,0.155538814653196,1,"Tissue-enriched"
"hsa-miR-182-5p",0,0.617986748527921,0.382013251472079,1,"Mixed"
"hsa-miR-183-5p",0,0.105874026861057,0.894125973138943,1,"CF-enriched"
"hsa-miR-1843",0,0.0913974397488292,0.908602560251171,1,"CF-enriched"
"hsa-miR-185-5p",0,0.15090946489377,0.84909053510623,1,"CF-enriched"
"hsa-miR-186-5p",0,0.108475432300204,0.891524567699796,1,"CF-enriched"
"hsa-miR-188-5p",0,0.879237391743516,0.120762608256484,1,"Tissue-enriched"
"hsa-miR-18a-5p",0,0.798687388274325,0.201312611725675,1,"Tissue-enriched"
"hsa-miR-18b-5p",0,0.694228182864658,0.305771817135342,1,"Mixed"
"hsa-miR-1908-5p",0,0,1,1,"CF-enriched"
"hsa-miR-1909-5p",0,1,0,1,"Tissue-enriched"
"hsa-miR-190a-5p",0,0.416400358685675,0.583599641314325,1,"Mixed"
"hsa-miR-190b-5p",0,0.5773731585654,0.4226268414346,1,"Mixed"
"hsa-miR-191-5p",0,0.632979125807984,0.367020874192016,1,"Mixed"
"hsa-miR-1910-5p",0,1,0,1,"Tissue-enriched"
"hsa-miR-1914-5p",0,1,0,1,"Tissue-enriched"
"hsa-miR-192-5p",0,0.506170623525689,0.493829376474312,1,"Mixed"
"hsa-miR-193a-5p",0,0.0293540093665537,0.970645990633446,1,"CF-enriched"
"hsa-miR-193b-5p",0,0.0677544474043269,0.932245552595673,1,"CF-enriched"
"hsa-miR-194-5p",0,0.397048221764923,0.602951778235077,1,"Mixed"
"hsa-miR-195-5p",0,0.0349789148608456,0.965021085139154,1,"CF-enriched"
"hsa-miR-196a-5p",0,0.718957829125185,0.281042170874815,1,"Tissue-enriched"
"hsa-miR-196b-5p",0,0.40923571985632,0.59076428014368,1,"Mixed"
"hsa-miR-197-5p",0,0.132324868076201,0.867675131923799,1,"CF-enriched"
"hsa-miR-199a-5p",0,0.673449754827557,0.326550245172443,1,"Mixed"
"hsa-miR-199b-5p",0,0.582892608943143,0.417107391056857,1,"Mixed"
"hsa-miR-19b-1-5p",0,0.560111506786636,0.439888493213364,1,"Mixed"
"hsa-miR-200a-5p",0,0.315234142550268,0.684765857449732,1,"Mixed"
"hsa-miR-200b-5p",0,0.232775508936516,0.767224491063484,1,"CF-enriched"
"hsa-miR-204-5p",0,0.653505732902822,0.346494267097179,1,"Mixed"
"hsa-miR-205-5p",0,0.477843774544138,0.522156225455862,1,"Mixed"
"hsa-miR-20a-5p",0,0.793152607073265,0.206847392926735,1,"Tissue-enriched"
"hsa-miR-20b-5p",0,0.646844273569157,0.353155726430843,1,"Mixed"
"hsa-miR-21-5p",0,0.783807488782861,0.216192511217139,1,"Tissue-enriched"
"hsa-miR-210-5p",0,0,1,1,"CF-enriched"
"hsa-miR-211-5p",0,0,1,1,"CF-enriched"
"hsa-miR-2110",0,0.435488372186231,0.564511627813769,1,"Mixed"
"hsa-miR-212-5p",0,0.832900452506365,0.167099547493635,1,"Tissue-enriched"
"hsa-miR-214-5p",0,0.0258668070803059,0.974133192919694,1,"CF-enriched"
"hsa-miR-215-5p",0,0.168166461406237,0.831833538593763,1,"CF-enriched"
"hsa-miR-216b-5p",0,0,1,1,"CF-enriched"
"hsa-miR-217-5p",0,0.693457431529295,0.306542568470705,1,"Mixed"
"hsa-miR-218-5p",0,0.227276826197477,0.772723173802523,1,"CF-enriched"
"hsa-miR-219a-5p",0,1,0,1,"Tissue-enriched"
"hsa-miR-219b-5p",0,0,1,1,"CF-enriched"
"hsa-miR-22-5p",0,0,1,1,"CF-enriched"
"hsa-miR-221-5p",0,0.827661750931848,0.172338249068152,1,"Tissue-enriched"
"hsa-miR-222-5p",0,0.679710181877847,0.320289818122153,1,"Mixed"
"hsa-miR-223-5p",0,0.199463472390285,0.800536527609715,1,"CF-enriched"
"hsa-miR-224-5p",0,0.322793354211647,0.677206645788353,1,"Mixed"
"hsa-miR-2277-5p",0,0.966132454340573,0.0338675456594268,1,"Tissue-enriched"
"hsa-miR-23b-5p",0,0.233746423077514,0.766253576922486,1,"CF-enriched"
"hsa-miR-24-1-5p",0,0.397478531243289,0.602521468756711,1,"Mixed"
"hsa-miR-24-2-5p",0,0.426020970490065,0.573979029509935,1,"Mixed"
"hsa-miR-25-5p",0,0.610981748591442,0.389018251408558,1,"Mixed"
"hsa-miR-2681-5p",0,0.769750533171358,0.230249466828642,1,"Tissue-enriched"
"hsa-miR-2682-5p",0,0.00884859997540485,0.991151400024595,1,"CF-enriched"
"hsa-miR-26a-5p",0,0.144961228795698,0.855038771204302,1,"CF-enriched"
"hsa-miR-26b-5p",0,0.151787346271425,0.848212653728575,1,"CF-enriched"
"hsa-miR-27a-5p",0,0.0217289344735502,0.97827106552645,1,"CF-enriched"
"hsa-miR-27b-5p",0,0.776401289823698,0.223598710176302,1,"Tissue-enriched"
"hsa-miR-28-5p",0,0.444214566479316,0.555785433520684,1,"Mixed"
"hsa-miR-296-5p",0,0,1,1,"CF-enriched"
"hsa-miR-299-3p",0,0,1,1,"CF-enriched"
"hsa-miR-299-5p",0,0.064653642583615,0.935346357416385,1,"CF-enriched"
"hsa-miR-29b-1-5p",0,0.755961364778299,0.244038635221701,1,"Tissue-enriched"
"hsa-miR-29b-2-5p",0,0.854466535717928,0.145533464282072,1,"Tissue-enriched"
"hsa-miR-29c-5p",0,0.698767875155129,0.301232124844871,1,"Mixed"
"hsa-miR-301a-5p",0,0.561696334008236,0.438303665991764,1,"Mixed"
"hsa-miR-302a-5p",0,0.205594778452848,0.794405221547152,1,"CF-enriched"
"hsa-miR-3064-5p",0,0.883084135392506,0.116915864607494,1,"Tissue-enriched"
"hsa-miR-3065-5p",0,1,0,1,"Tissue-enriched"
"hsa-miR-3074-5p",0,0.914320268448097,0.0856797315519028,1,"Tissue-enriched"
"hsa-miR-30a-5p",0,0.543720692823829,0.456279307176171,1,"Mixed"
"hsa-miR-30b-5p",0,0.0940165867830495,0.90598341321695,1,"CF-enriched"
"hsa-miR-30c-5p",0,0.862889838188125,0.137110161811874,1,"Tissue-enriched"
"hsa-miR-30d-5p",0,0.66359786789917,0.33640213210083,1,"Mixed"
"hsa-miR-30e-5p",0,0.772642339484566,0.227357660515434,1,"Tissue-enriched"
"hsa-miR-31-5p",0,0.420144108312218,0.579855891687782,1,"Mixed"
"hsa-miR-3115",0,0,1,1,"CF-enriched"
"hsa-miR-3120-5p",0,0,1,1,"CF-enriched"
"hsa-miR-3124-5p",0,0,1,1,"CF-enriched"
"hsa-miR-3127-5p",0,0.28802147521383,0.71197852478617,1,"CF-enriched"
"hsa-miR-3128",0,0,1,1,"CF-enriched"
"hsa-miR-3129-5p",0,0,1,1,"CF-enriched"
"hsa-miR-3130-5p",0,0.625686540759602,0.374313459240398,1,"Mixed"
"hsa-miR-3131",0,0.262820956525985,0.737179043474015,1,"CF-enriched"
"hsa-miR-3133",0,0.0328715839637517,0.967128416036248,1,"CF-enriched"
"hsa-miR-3135a",0,0.916422289801501,0.0835777101984986,1,"Tissue-enriched"
"hsa-miR-3135b",0,1,0,1,"Tissue-enriched"
"hsa-miR-3136-5p",0,1,0,1,"Tissue-enriched"
"hsa-miR-3137",0,1,0,1,"Tissue-enriched"
"hsa-miR-3148",0,0,1,1,"CF-enriched"
"hsa-miR-3150a-5p",0,0.30384912481442,0.69615087518558,1,"Mixed"
"hsa-miR-3150b-5p",0,0,1,1,"CF-enriched"
"hsa-miR-3157-5p",0,1,0,1,"Tissue-enriched"
"hsa-miR-3159",0,0,1,1,"CF-enriched"
"hsa-miR-3160-5p",0,0,1,1,"CF-enriched"
"hsa-miR-3164",0,1,0,1,"Tissue-enriched"
"hsa-miR-3168",0,0.329385532681414,0.670614467318586,1,"Mixed"
"hsa-miR-3173-5p",0,0.27105517884282,0.72894482115718,1,"CF-enriched"
"hsa-miR-3174",0,0.74461077653414,0.25538922346586,1,"Tissue-enriched"
"hsa-miR-3175",0,0,1,1,"CF-enriched"
"hsa-miR-3180-5p",0,0,1,1,"CF-enriched"
"hsa-miR-3187-5p",0,0.869977139013193,0.130022860986807,1,"Tissue-enriched"
"hsa-miR-3192-5p",0,0,1,1,"CF-enriched"
"hsa-miR-3195",0,0,1,1,"CF-enriched"
"hsa-miR-3196",0,1,0,1,"Tissue-enriched"
"hsa-miR-3199",0,0.869897218555409,0.130102781444591,1,"Tissue-enriched"
"hsa-miR-32-5p",0,0.036866347146479,0.963133652853521,1,"CF-enriched"
"hsa-miR-320a-5p",0,0.769750533171358,0.230249466828642,1,"Tissue-enriched"
"hsa-miR-320d",0,0.074323937665397,0.925676062334603,1,"CF-enriched"
"hsa-miR-324-5p",0,0.587206058799601,0.412793941200399,1,"Mixed"
"hsa-miR-329-5p",0,0.443726563802961,0.556273436197039,1,"Mixed"
"hsa-miR-330-5p",0,0.632718160100189,0.367281839899811,1,"Mixed"
"hsa-miR-331-5p",0,0.333078896122249,0.666921103877751,1,"Mixed"
"hsa-miR-335-5p",0,0.152422013085406,0.847577986914594,1,"CF-enriched"
"hsa-miR-337-5p",0,0,1,1,"CF-enriched"
"hsa-miR-338-5p",0,0.0564460684107942,0.943553931589206,1,"CF-enriched"
"hsa-miR-339-5p",0,0.731060465534048,0.268939534465952,1,"Tissue-enriched"
"hsa-miR-33a-5p",0,0,1,1,"CF-enriched"
"hsa-miR-340-5p",0,0.0566800792891918,0.943319920710808,1,"CF-enriched"
"hsa-miR-342-5p",0,0.366754281028696,0.633245718971304,1,"Mixed"
"hsa-miR-345-5p",0,0.209790207808753,0.790209792191247,1,"CF-enriched"
"hsa-miR-346",0,0.430244307955209,0.569755692044791,1,"Mixed"
"hsa-miR-34a-5p",0,0.761708058531598,0.238291941468402,1,"Tissue-enriched"
"hsa-miR-34b-5p",0,0,1,1,"CF-enriched"
"hsa-miR-34c-5p",0,0.111582633661684,0.888417366338316,1,"CF-enriched"
"hsa-miR-3605-5p",0,0.145999343041258,0.854000656958742,1,"CF-enriched"
"hsa-miR-361-5p",0,0.293696201467823,0.706303798532177,1,"CF-enriched"
"hsa-miR-3613-5p",0,0.00845320171085034,0.99154679828915,1,"CF-enriched"
"hsa-miR-3614-5p",0,0.941996072165287,0.0580039278347135,1,"Tissue-enriched"
"hsa-miR-362-5p",0,0.904311279740945,0.095688720259055,1,"Tissue-enriched"
"hsa-miR-3620-5p",0,0.977275178035249,0.0227248219647515,1,"Tissue-enriched"
"hsa-miR-3622a-5p",0,1,0,1,"Tissue-enriched"
"hsa-miR-363-5p",0,0.46993274784339,0.53006725215661,1,"Mixed"
"hsa-miR-3648",0,0.975699718931792,0.0243002810682078,1,"Tissue-enriched"
"hsa-miR-3652",0,0,1,1,"CF-enriched"
"hsa-miR-3654",0,0.893137143881501,0.106862856118499,1,"Tissue-enriched"
"hsa-miR-3655",0,1,0,1,"Tissue-enriched"
"hsa-miR-365a-5p",0,0.857132114412778,0.142867885587222,1,"Tissue-enriched"
"hsa-miR-365b-5p",0,0.677011308186213,0.322988691813787,1,"Mixed"
"hsa-miR-3661",0,0,1,1,"CF-enriched"
"hsa-miR-3664-5p",0,0,1,1,"CF-enriched"
"hsa-miR-3675-5p",0,1,0,1,"Tissue-enriched"
"hsa-miR-3677-3p",0,1,0,1,"Tissue-enriched"
"hsa-miR-3679-5p",0,1,0,1,"Tissue-enriched"
"hsa-miR-3681-5p",0,0,1,1,"CF-enriched"
"hsa-miR-3682-5p",0,0.679710181877847,0.320289818122153,1,"Mixed"
"hsa-miR-3685",0,0,1,1,"CF-enriched"
"hsa-miR-3689a-5p",0,0.788725745990878,0.211274254009122,1,"Tissue-enriched"
"hsa-miR-3689b-5p",0,0.788725745990878,0.211274254009122,1,"Tissue-enriched"
"hsa-miR-3689e",0,0.788725745990878,0.211274254009122,1,"Tissue-enriched"
"hsa-miR-3689f",0,0.221306530932312,0.778693469067688,1,"CF-enriched"
"hsa-miR-369-5p",0,0.0514556881624636,0.948544311837536,1,"CF-enriched"
"hsa-miR-3690",0,0.992466121814952,0.0075338781850483,1,"Tissue-enriched"
"hsa-miR-3691-5p",0,0.850893046435828,0.149106953564172,1,"Tissue-enriched"
"hsa-miR-371a-5p",0,0.726831955381607,0.273168044618393,1,"Tissue-enriched"
"hsa-miR-373-5p",0,0,1,1,"CF-enriched"
"hsa-miR-374a-5p",0,0.173864257083355,0.826135742916645,1,"CF-enriched"
"hsa-miR-374b-5p",0,0.26063330750157,0.73936669249843,1,"CF-enriched"
"hsa-miR-374c-5p",0,1,0,1,"Tissue-enriched"
"hsa-miR-376a-5p",0,0.769750533171358,0.230249466828642,1,"Tissue-enriched"
"hsa-miR-377-5p",0,0.0129776488789136,0.987022351121086,1,"CF-enriched"
"hsa-miR-378a-5p",0,0.385997563609286,0.614002436390714,1,"Mixed"
"hsa-miR-378b",0,0,1,1,"CF-enriched"
"hsa-miR-378c",0,0.030228272955677,0.969771727044323,1,"CF-enriched"
"hsa-miR-378d",0,0.301965494239067,0.698034505760933,1,"Mixed"
"hsa-miR-378g",0,0.328342352599461,0.671657647400539,1,"Mixed"
"hsa-miR-378h",0,0,1,1,"CF-enriched"
"hsa-miR-378i",0,0.0180673051783182,0.981932694821682,1,"CF-enriched"
"hsa-miR-378j",0,0,1,1,"CF-enriched"
"hsa-miR-379-5p",0,0.00559930834683991,0.99440069165316,1,"CF-enriched"
"hsa-miR-380-5p",0,0.29472638389931,0.70527361610069,1,"CF-enriched"
"hsa-miR-382-5p",0,0.177620342255682,0.822379657744319,1,"CF-enriched"
"hsa-miR-383-5p",0,0,1,1,"CF-enriched"
"hsa-miR-3911",0,0,1,1,"CF-enriched"
"hsa-miR-3913-5p",0,0.315279989918251,0.684720010081749,1,"Mixed"
"hsa-miR-3916",0,1,0,1,"Tissue-enriched"
"hsa-miR-3918",0,0,1,1,"CF-enriched"
"hsa-miR-3928-3p",0,0,1,1,"CF-enriched"
"hsa-miR-3934-5p",0,0.807505408364373,0.192494591635627,1,"Tissue-enriched"
"hsa-miR-3942-5p",0,0,1,1,"CF-enriched"
"hsa-miR-409-5p",0,0.626294179053412,0.373705820946588,1,"Mixed"
"hsa-miR-411-5p",0,0,1,1,"CF-enriched"
"hsa-miR-412-5p",0,0.00235537199898503,0.997644628001015,1,"CF-enriched"
"hsa-miR-422a",0,0.479313725377733,0.520686274622267,1,"Mixed"
"hsa-miR-423-5p",0,0.112235754718052,0.887764245281948,1,"CF-enriched"
"hsa-miR-424-5p",0,0.0314847363543515,0.968515263645649,1,"CF-enriched"
"hsa-miR-425-5p",0,0.805199150443517,0.194800849556483,1,"Tissue-enriched"
"hsa-miR-4276",0,1,0,1,"Tissue-enriched"
"hsa-miR-4284",0,1,0,1,"Tissue-enriched"
"hsa-miR-4286",0,0.360833671858988,0.639166328141012,1,"Mixed"
"hsa-miR-4289",0,1,0,1,"Tissue-enriched"
"hsa-miR-4298",0,1,0,1,"Tissue-enriched"
"hsa-miR-4301",0,0.280388199761084,0.719611800238916,1,"CF-enriched"
"hsa-miR-431-5p",0,0,1,1,"CF-enriched"
"hsa-miR-432-5p",0,0.4722706693656,0.5277293306344,1,"Mixed"
"hsa-miR-4326",0,0.833853950837164,0.166146049162836,1,"Tissue-enriched"
"hsa-miR-4422",0,0,1,1,"CF-enriched"
"hsa-miR-4426",0,0.922336943038767,0.0776630569612334,1,"Tissue-enriched"
"hsa-miR-4429",0,0,1,1,"CF-enriched"
"hsa-miR-4430",0,1,0,1,"Tissue-enriched"
"hsa-miR-4433a-5p",0,1,0,1,"Tissue-enriched"
"hsa-miR-4433b-5p",0,0,1,1,"CF-enriched"
"hsa-miR-4434",0,0,1,1,"CF-enriched"
"hsa-miR-4435",0,0,1,1,"CF-enriched"
"hsa-miR-4436b-5p",0,0.0476915707006247,0.952308429299375,1,"CF-enriched"
"hsa-miR-4437",0,1,0,1,"Tissue-enriched"
"hsa-miR-4443",0,1,0,1,"Tissue-enriched"
"hsa-miR-4444",0,1,0,1,"Tissue-enriched"
"hsa-miR-4449",0,1,0,1,"Tissue-enriched"
"hsa-miR-4453",0,1,0,1,"Tissue-enriched"
"hsa-miR-4454",0,0.855496017600198,0.144503982399803,1,"Tissue-enriched"
"hsa-miR-4464",0,0.192763255307673,0.807236744692327,1,"CF-enriched"
"hsa-miR-4466",0,0,1,1,"CF-enriched"
"hsa-miR-4467",0,1,0,1,"Tissue-enriched"
"hsa-miR-4478",0,0.748176877921466,0.251823122078534,1,"Tissue-enriched"
"hsa-miR-4485-3p",0,0.99426419156374,0.00573580843625995,1,"Tissue-enriched"
"hsa-miR-4485-5p",0,1,0,1,"Tissue-enriched"
"hsa-miR-4487",0,0,1,1,"CF-enriched"
"hsa-miR-4488",0,0.0328642026941813,0.967135797305819,1,"CF-enriched"
"hsa-miR-4497",0,0,1,1,"CF-enriched"
"hsa-miR-4498",0,0,1,1,"CF-enriched"
"hsa-miR-449b-5p",0,1,0,1,"Tissue-enriched"
"hsa-miR-449c-5p",0,0.924744881778959,0.0752551182210415,1,"Tissue-enriched"
"hsa-miR-4503",0,0,1,1,"CF-enriched"
"hsa-miR-4507",0,0.858825727131919,0.141174272868081,1,"Tissue-enriched"
"hsa-miR-4508",0,0.926103796361951,0.0738962036380492,1,"Tissue-enriched"
"hsa-miR-450a-5p",0,0.263798705961238,0.736201294038762,1,"CF-enriched"
"hsa-miR-450b-5p",0,0.0780792920367024,0.921920707963298,1,"CF-enriched"
"hsa-miR-4510",0,0,1,1,"CF-enriched"
"hsa-miR-4513",0,1,0,1,"Tissue-enriched"
"hsa-miR-4515",0,0,1,1,"CF-enriched"
"hsa-miR-4516",0,0.959583227653745,0.0404167723462545,1,"Tissue-enriched"
"hsa-miR-4517",0,0.917884422860302,0.0821155771396978,1,"Tissue-enriched"
"hsa-miR-451a",0,0.000367190479995913,0.999632809520004,1,"CF-enriched"
"hsa-miR-451b",0,0,1,1,"CF-enriched"
"hsa-miR-452-5p",0,0.426223661128638,0.573776338871362,1,"Mixed"
"hsa-miR-4520-5p",0,1,0,1,"Tissue-enriched"
"hsa-miR-4521",0,0.862061165281809,0.137938834718191,1,"Tissue-enriched"
"hsa-miR-4523",0,1,0,1,"Tissue-enriched"
"hsa-miR-4524a-5p",0,1,0,1,"Tissue-enriched"
"hsa-miR-4525",0,0,1,1,"CF-enriched"
"hsa-miR-4536-5p",0,0,1,1,"CF-enriched"
"hsa-miR-4537",0,1,0,1,"Tissue-enriched"
"hsa-miR-4538",0,1,0,1,"Tissue-enriched"
"hsa-miR-4539",0,0.991688727922181,0.00831127207781898,1,"Tissue-enriched"
"hsa-miR-454-5p",0,0.84100280003685,0.15899719996315,1,"Tissue-enriched"
"hsa-miR-455-5p",0,0.764231498691564,0.235768501308436,1,"Tissue-enriched"
"hsa-miR-4636",0,0,1,1,"CF-enriched"
"hsa-miR-4647",0,0.990593437830416,0.00940656216958389,1,"Tissue-enriched"
"hsa-miR-4648",0,1,0,1,"Tissue-enriched"
"hsa-miR-4654",0,1,0,1,"Tissue-enriched"
"hsa-miR-4657",0,1,0,1,"Tissue-enriched"
"hsa-miR-4658",0,0,1,1,"CF-enriched"
"hsa-miR-4659a-5p",0,1,0,1,"Tissue-enriched"
"hsa-miR-4660",0,0,1,1,"CF-enriched"
"hsa-miR-4661-5p",0,0.434177199962102,0.565822800037898,1,"Mixed"
"hsa-miR-4662a-5p",0,0.867213352600683,0.132786647399317,1,"Tissue-enriched"
"hsa-miR-4665-5p",0,0.358249166669573,0.641750833330427,1,"Mixed"
"hsa-miR-4667-5p",0,1,0,1,"Tissue-enriched"
"hsa-miR-4668-5p",0,0.933481426605148,0.0665185733948518,1,"Tissue-enriched"
"hsa-miR-4676-5p",0,1,0,1,"Tissue-enriched"
"hsa-miR-4677-5p",0,0.146851101983086,0.853148898016914,1,"CF-enriched"
"hsa-miR-4680-5p",0,0.803433708592237,0.196566291407763,1,"Tissue-enriched"
"hsa-miR-4682",0,1,0,1,"Tissue-enriched"
"hsa-miR-4684-5p",0,0,1,1,"CF-enriched"
"hsa-miR-4686",0,1,0,1,"Tissue-enriched"
"hsa-miR-4690-5p",0,0,1,1,"CF-enriched"
"hsa-miR-4707-5p",0,1,0,1,"Tissue-enriched"
"hsa-miR-4709-5p",0,0.858375354899261,0.141624645100739,1,"Tissue-enriched"
"hsa-miR-4724-5p",0,1,0,1,"Tissue-enriched"
"hsa-miR-4732-5p",0,0.0140574542118609,0.985942545788139,1,"CF-enriched"
"hsa-miR-4737",0,1,0,1,"Tissue-enriched"
"hsa-miR-4739",0,1,0,1,"Tissue-enriched"
"hsa-miR-4745-5p",0,0.179639431459181,0.820360568540819,1,"CF-enriched"
"hsa-miR-4746-5p",0,0.735672964102861,0.264327035897139,1,"Tissue-enriched"
"hsa-miR-4749-5p",0,0,1,1,"CF-enriched"
"hsa-miR-4750-5p",0,1,0,1,"Tissue-enriched"
"hsa-miR-4751",0,0.45527207534257,0.54472792465743,1,"Mixed"
"hsa-miR-4752",0,1,0,1,"Tissue-enriched"
"hsa-miR-4753-5p",0,1,0,1,"Tissue-enriched"
"hsa-miR-4755-5p",0,0.387889300107532,0.612110699892468,1,"Mixed"
"hsa-miR-4758-5p",0,0.56842689932218,0.43157310067782,1,"Mixed"
"hsa-miR-4764-5p",0,0,1,1,"CF-enriched"
"hsa-miR-4772-5p",0,0,1,1,"CF-enriched"
"hsa-miR-4775",0,0.870186355767376,0.129813644232623,1,"Tissue-enriched"
"hsa-miR-4782-5p",0,1,0,1,"Tissue-enriched"
"hsa-miR-4786-5p",0,1,0,1,"Tissue-enriched"
"hsa-miR-4787-5p",0,1,0,1,"Tissue-enriched"
"hsa-miR-4791",0,0,1,1,"CF-enriched"
"hsa-miR-4794",0,0,1,1,"CF-enriched"
"hsa-miR-4797-5p",0,0,1,1,"CF-enriched"
"hsa-miR-4802-5p",0,0.625686540759602,0.374313459240398,1,"Mixed"
"hsa-miR-4804-5p",0,0,1,1,"CF-enriched"
"hsa-miR-483-5p",0,0,1,1,"CF-enriched"
"hsa-miR-484",0,0.429188117436719,0.570811882563281,1,"Mixed"
"hsa-miR-485-5p",0,0.458840166503352,0.541159833496648,1,"Mixed"
"hsa-miR-486-5p",0,0.119121907419746,0.880878092580254,1,"CF-enriched"
"hsa-miR-487a-5p",0,0,1,1,"CF-enriched"
"hsa-miR-490-5p",0,0,1,1,"CF-enriched"
"hsa-miR-491-5p",0,0.919502172664115,0.0804978273358848,1,"Tissue-enriched"
"hsa-miR-493-5p",0,0.00642273464844185,0.993577265351558,1,"CF-enriched"
"hsa-miR-497-5p",0,0.230214313456751,0.769785686543249,1,"CF-enriched"
"hsa-miR-4999-5p",0,0.319641966205694,0.680358033794306,1,"Mixed"
"hsa-miR-499a-5p",0,0.178514286594033,0.821485713405967,1,"CF-enriched"
"hsa-miR-5001-5p",0,1,0,1,"Tissue-enriched"
"hsa-miR-5002-5p",0,1,0,1,"Tissue-enriched"
"hsa-miR-5009-5p",0,0.180095273538049,0.819904726461951,1,"CF-enriched"
"hsa-miR-500a-5p",0,0.936441247016975,0.0635587529830247,1,"Tissue-enriched"
"hsa-miR-500b-5p",0,1,0,1,"Tissue-enriched"
"hsa-miR-501-5p",0,0.946806856720866,0.0531931432791343,1,"Tissue-enriched"
"hsa-miR-5010-5p",0,0,1,1,"CF-enriched"
"hsa-miR-502-5p",0,0.935481506039369,0.0645184939606311,1,"Tissue-enriched"
"hsa-miR-503-5p",0,0.00236963402160229,0.997630365978398,1,"CF-enriched"
"hsa-miR-504-5p",0,0.434223694338727,0.565776305661273,1,"Mixed"
"hsa-miR-505-5p",0,0.508110192162419,0.491889807837581,1,"Mixed"
"hsa-miR-5088-5p",0,1,0,1,"Tissue-enriched"
"hsa-miR-5089-5p",0,0,1,1,"CF-enriched"
"hsa-miR-509-3-5p",0,0.224624106565177,0.775375893434823,1,"CF-enriched"
"hsa-miR-5090",0,1,0,1,"Tissue-enriched"
"hsa-miR-5091",0,0.634356755813217,0.365643244186783,1,"Mixed"
"hsa-miR-5094",0,0,1,1,"CF-enriched"
"hsa-miR-511-5p",0,0.256266964708882,0.743733035291118,1,"CF-enriched"
"hsa-miR-513c-5p",0,1,0,1,"Tissue-enriched"
"hsa-miR-516a-5p",0,1,0,1,"Tissue-enriched"
"hsa-miR-516b-5p",0,0.29359025770932,0.70640974229068,1,"CF-enriched"
"hsa-miR-518d-5p",0,0,1,1,"CF-enriched"
"hsa-miR-518f-5p",0,0,1,1,"CF-enriched"
"hsa-miR-520c-5p",0,0,1,1,"CF-enriched"
"hsa-miR-526a-5p",0,0,1,1,"CF-enriched"
"hsa-miR-532-5p",0,0.124490292646557,0.875509707353443,1,"CF-enriched"
"hsa-miR-539-5p",0,0.555687083931173,0.444312916068827,1,"Mixed"
"hsa-miR-542-5p",0,0,1,1,"CF-enriched"
"hsa-miR-548ab",0,0,1,1,"CF-enriched"
"hsa-miR-548ad-5p",0,0.33858693379736,0.66141306620264,1,"Mixed"
"hsa-miR-548ae-5p",0,0.33858693379736,0.66141306620264,1,"Mixed"
"hsa-miR-548ap-5p",0,0.800237606385612,0.199762393614388,1,"Tissue-enriched"
"hsa-miR-548aq-3p",0,0,1,1,"CF-enriched"
"hsa-miR-548ar-3p",0,0,1,1,"CF-enriched"
"hsa-miR-548as-5p",0,0,1,1,"CF-enriched"
"hsa-miR-548at-3p",0,0,1,1,"CF-enriched"
"hsa-miR-548at-5p",0,0,1,1,"CF-enriched"
"hsa-miR-548av-5p",0,0,1,1,"CF-enriched"
"hsa-miR-548ay-5p",0,0.243534703212463,0.756465296787537,1,"CF-enriched"
"hsa-miR-548az-5p",0,0,1,1,"CF-enriched"
"hsa-miR-548d-5p",0,0.18352040949055,0.81647959050945,1,"CF-enriched"
"hsa-miR-548h-5p",0,0,1,1,"CF-enriched"
"hsa-miR-548i",0,0,1,1,"CF-enriched"
"hsa-miR-548j-5p",0,0.633488121166519,0.366511878833481,1,"Mixed"
"hsa-miR-548k",0,0,1,1,"CF-enriched"
"hsa-miR-548n",0,0,1,1,"CF-enriched"
"hsa-miR-548q",0,0,1,1,"CF-enriched"
"hsa-miR-548t-5p",0,0,1,1,"CF-enriched"
"hsa-miR-548w",0,0,1,1,"CF-enriched"
"hsa-miR-548y",0,0,1,1,"CF-enriched"
"hsa-miR-549a-5p",0,1,0,1,"Tissue-enriched"
"hsa-miR-550a-3-5p",0,0,1,1,"CF-enriched"
"hsa-miR-550a-5p",0,0,1,1,"CF-enriched"
"hsa-miR-551b-5p",0,0.902324823397498,0.0976751766025016,1,"Tissue-enriched"
"hsa-miR-556-5p",0,0,1,1,"CF-enriched"
"hsa-miR-5585-3p",0,0.866622288495837,0.133377711504163,1,"Tissue-enriched"
"hsa-miR-5587-3p",0,0,1,1,"CF-enriched"
"hsa-miR-5588-5p",0,0,1,1,"CF-enriched"
"hsa-miR-5683",0,0.918257679655388,0.0817423203446118,1,"Tissue-enriched"
"hsa-miR-5684",0,1,0,1,"Tissue-enriched"
"hsa-miR-5689",0,1,0,1,"Tissue-enriched"
"hsa-miR-5690",0,0.625686540759602,0.374313459240398,1,"Mixed"
"hsa-miR-5696",0,0.736083631662412,0.263916368337588,1,"Tissue-enriched"
"hsa-miR-5697",0,0,1,1,"CF-enriched"
"hsa-miR-5698",0,1,0,1,"Tissue-enriched"
"hsa-miR-5699-5p",0,1,0,1,"Tissue-enriched"
"hsa-miR-5701",0,0.996895901779908,0.00310409822009204,1,"Tissue-enriched"
"hsa-miR-5708",0,1,0,1,"Tissue-enriched"
"hsa-miR-573",0,0.533502295205639,0.466497704794362,1,"Mixed"
"hsa-miR-574-5p",0,0.645984149110166,0.354015850889834,1,"Mixed"
"hsa-miR-576-5p",0,0.221452261041229,0.778547738958771,1,"CF-enriched"
"hsa-miR-577",0,0.79560562028324,0.20439437971676,1,"Tissue-enriched"
"hsa-miR-579-5p",0,0.847981765668241,0.152018234331759,1,"Tissue-enriched"
"hsa-miR-581",0,0.658753922588085,0.341246077411915,1,"Mixed"
"hsa-miR-582-5p",0,1,0,1,"Tissue-enriched"
"hsa-miR-584-5p",0,0.0155596393355231,0.984440360664477,1,"CF-enriched"
"hsa-miR-586",0,0,1,1,"CF-enriched"
"hsa-miR-588",0,1,0,1,"Tissue-enriched"
"hsa-miR-589-5p",0,0.728543157880259,0.271456842119741,1,"Tissue-enriched"
"hsa-miR-598-5p",0,0.970268404325818,0.0297315956741817,1,"Tissue-enriched"
"hsa-miR-610",0,1,0,1,"Tissue-enriched"
"hsa-miR-612",0,1,0,1,"Tissue-enriched"
"hsa-miR-618",0,0.864569232644851,0.135430767355149,1,"Tissue-enriched"
"hsa-miR-619-5p",0,0.69837576790971,0.30162423209029,1,"Mixed"
"hsa-miR-624-5p",0,0,1,1,"CF-enriched"
"hsa-miR-625-5p",0,0.0616271099949483,0.938372890005052,1,"CF-enriched"
"hsa-miR-627-5p",0,0,1,1,"CF-enriched"
"hsa-miR-628-5p",0,0.0822810629266665,0.917718937073333,1,"CF-enriched"
"hsa-miR-629-5p",0,0.0966829929282499,0.90331700707175,1,"CF-enriched"
"hsa-miR-641",0,0.873981192710929,0.126018807289071,1,"Tissue-enriched"
"hsa-miR-642a-5p",0,0,1,1,"CF-enriched"
"hsa-miR-642b-5p",0,1,0,1,"Tissue-enriched"
"hsa-miR-650",0,1,0,1,"Tissue-enriched"
"hsa-miR-6501-5p",0,0.889430835827013,0.110569164172987,1,"Tissue-enriched"
"hsa-miR-6503-5p",0,0.769750533171358,0.230249466828642,1,"Tissue-enriched"
"hsa-miR-6506-5p",0,1,0,1,"Tissue-enriched"
"hsa-miR-651-5p",0,0.0687028836436628,0.931297116356337,1,"CF-enriched"
"hsa-miR-6510-3p",0,0.125747173015428,0.874252826984572,1,"CF-enriched"
"hsa-miR-6510-5p",0,1,0,1,"Tissue-enriched"
"hsa-miR-6511a-5p",0,1,0,1,"Tissue-enriched"
"hsa-miR-6511b-5p",0,1,0,1,"Tissue-enriched"
"hsa-miR-6512-5p",0,0,1,1,"CF-enriched"
"hsa-miR-6514-5p",0,0.955720513328309,0.0442794866716914,1,"Tissue-enriched"
"hsa-miR-6515-5p",0,0.660294701053768,0.339705298946232,1,"Mixed"
"hsa-miR-6516-5p",0,0,1,1,"CF-enriched"
"hsa-miR-6529-5p",0,0,1,1,"CF-enriched"
"hsa-miR-653-5p",0,0,1,1,"CF-enriched"
"hsa-miR-654-5p",0,0.461548260705845,0.538451739294155,1,"Mixed"
"hsa-miR-659-5p",0,0.373240923511783,0.626759076488217,1,"Mixed"
"hsa-miR-660-5p",0,0.804501719295392,0.195498280704607,1,"Tissue-enriched"
"hsa-miR-663a",0,1,0,1,"Tissue-enriched"
"hsa-miR-664a-5p",0,0.334218093270334,0.665781906729666,1,"Mixed"
"hsa-miR-671-5p",0,0.962709412901193,0.0372905870988067,1,"Tissue-enriched"
"hsa-miR-6718-5p",0,0,1,1,"CF-enriched"
"hsa-miR-6721-5p",0,0.496362865696341,0.503637134303659,1,"Mixed"
"hsa-miR-6724-5p",0,1,0,1,"Tissue-enriched"
"hsa-miR-6727-5p",0,1,0,1,"Tissue-enriched"
"hsa-miR-6728-5p",0,0,1,1,"CF-enriched"
"hsa-miR-6729-5p",0,0.327751589026488,0.672248410973512,1,"Mixed"
"hsa-miR-6734-5p",0,0,1,1,"CF-enriched"
"hsa-miR-6741-5p",0,0,1,1,"CF-enriched"
"hsa-miR-6744-5p",0,0,1,1,"CF-enriched"
"hsa-miR-6746-5p",0,1,0,1,"Tissue-enriched"
"hsa-miR-6747-5p",0,0,1,1,"CF-enriched"
"hsa-miR-675-5p",0,0.773462248303371,0.226537751696629,1,"Tissue-enriched"
"hsa-miR-6751-5p",0,1,0,1,"Tissue-enriched"
"hsa-miR-6755-5p",0,0,1,1,"CF-enriched"
"hsa-miR-6756-5p",0,1,0,1,"Tissue-enriched"
"hsa-miR-6758-5p",0,0,1,1,"CF-enriched"
"hsa-miR-6761-5p",0,0,1,1,"CF-enriched"
"hsa-miR-6772-5p",0,1,0,1,"Tissue-enriched"
"hsa-miR-6774-5p",0,1,0,1,"Tissue-enriched"
"hsa-miR-6780a-5p",0,0.281431909277174,0.718568090722825,1,"CF-enriched"
"hsa-miR-6785-5p",0,0,1,1,"CF-enriched"
"hsa-miR-6789-5p",0,1,0,1,"Tissue-enriched"
"hsa-miR-6793-5p",0,0.48951978328901,0.51048021671099,1,"Mixed"
"hsa-miR-6797-5p",0,1,0,1,"Tissue-enriched"
"hsa-miR-6805-5p",0,0,1,1,"CF-enriched"
"hsa-miR-6808-3p",0,0,1,1,"CF-enriched"
"hsa-miR-6813-5p",0,0,1,1,"CF-enriched"
"hsa-miR-6815-5p",0,0,1,1,"CF-enriched"
"hsa-miR-6818-5p",0,0.357815914959835,0.642184085040165,1,"Mixed"
"hsa-miR-6820-5p",0,1,0,1,"Tissue-enriched"
"hsa-miR-6821-5p",0,0.449638105262427,0.550361894737573,1,"Mixed"
"hsa-miR-6825-5p",0,0,1,1,"CF-enriched"
"hsa-miR-6839-5p",0,0,1,1,"CF-enriched"
"hsa-miR-6840-5p",0,0.79119685020796,0.20880314979204,1,"Tissue-enriched"
"hsa-miR-6842-5p",0,0.0362133006157813,0.963786699384219,1,"CF-enriched"
"hsa-miR-6848-5p",0,1,0,1,"Tissue-enriched"
"hsa-miR-6850-5p",0,0.932911711689008,0.067088288310992,1,"Tissue-enriched"
"hsa-miR-6851-5p",0,1,0,1,"Tissue-enriched"
"hsa-miR-6852-5p",0,0,1,1,"CF-enriched"
"hsa-miR-6853-5p",0,1,0,1,"Tissue-enriched"
"hsa-miR-6855-5p",0,0,1,1,"CF-enriched"
"hsa-miR-6858-5p",0,0,1,1,"CF-enriched"
"hsa-miR-6859-5p",0,0.581042481137376,0.418957518862624,1,"Mixed"
"hsa-miR-6862-5p",0,1,0,1,"Tissue-enriched"
"hsa-miR-6866-5p",0,0.815309947753335,0.184690052246665,1,"Tissue-enriched"
"hsa-miR-6867-5p",0,1,0,1,"Tissue-enriched"
"hsa-miR-6868-3p",0,0,1,1,"CF-enriched"
"hsa-miR-6869-5p",0,1,0,1,"Tissue-enriched"
"hsa-miR-6875-5p",0,1,0,1,"Tissue-enriched"
"hsa-miR-6878-5p",0,1,0,1,"Tissue-enriched"
"hsa-miR-6882-5p",0,1,0,1,"Tissue-enriched"
"hsa-miR-6891-5p",0,0.287736741770023,0.712263258229977,1,"CF-enriched"
"hsa-miR-7-5p",0,0.947573725307225,0.0524262746927754,1,"Tissue-enriched"
"hsa-miR-708-5p",0,0.700643597982977,0.299356402017023,1,"Tissue-enriched"
"hsa-miR-7151-5p",0,1,0,1,"Tissue-enriched"
"hsa-miR-744-5p",0,0.092170932852215,0.907829067147785,1,"CF-enriched"
"hsa-miR-766-5p",0,0.551114624862076,0.448885375137924,1,"Mixed"
"hsa-miR-767-5p",0,0,1,1,"CF-enriched"
"hsa-miR-769-5p",0,0.494796136000262,0.505203863999738,1,"Mixed"
"hsa-miR-7702",0,0.619121002797669,0.380878997202331,1,"Mixed"
"hsa-miR-7704",0,0.858936195224636,0.141063804775364,1,"Tissue-enriched"
"hsa-miR-7705",0,0.998002330978654,0.00199766902134611,1,"Tissue-enriched"
"hsa-miR-7844-5p",0,0,1,1,"CF-enriched"
"hsa-miR-7845-5p",0,1,0,1,"Tissue-enriched"
"hsa-miR-7850-5p",0,1,0,1,"Tissue-enriched"
"hsa-miR-7976",0,0,1,1,"CF-enriched"
"hsa-miR-7977",0,0.99653248658671,0.00346751341329034,1,"Tissue-enriched"
"hsa-miR-8059",0,1,0,1,"Tissue-enriched"
"hsa-miR-8079",0,1,0,1,"Tissue-enriched"
"hsa-miR-873-5p",0,0,1,1,"CF-enriched"
"hsa-miR-874-5p",0,1,0,1,"Tissue-enriched"
"hsa-miR-877-5p",0,0.249730212393736,0.750269787606264,1,"CF-enriched"
"hsa-miR-885-5p",0,0,1,1,"CF-enriched"
"hsa-miR-887-5p",0,0.45527207534257,0.54472792465743,1,"Mixed"
"hsa-miR-888-5p",0,0.65226980433652,0.34773019566348,1,"Mixed"
"hsa-miR-891a-5p",0,0.396915170743599,0.603084829256401,1,"Mixed"
"hsa-miR-891b",0,0,1,1,"CF-enriched"
"hsa-miR-9-5p",0,0.630899212296544,0.369100787703456,1,"Mixed"
"hsa-miR-92a-1-5p",0,0.936345033265717,0.0636549667342826,1,"Tissue-enriched"
"hsa-miR-92a-2-5p",0,1,0,1,"Tissue-enriched"
"hsa-miR-92b-5p",0,0.139701495685817,0.860298504314183,1,"CF-enriched"
"hsa-miR-93-5p",0,0.788289364904035,0.211710635095965,1,"Tissue-enriched"
"hsa-miR-934",0,1,0,1,"Tissue-enriched"
"hsa-miR-937-5p",0,1,0,1,"Tissue-enriched"
"hsa-miR-939-5p",0,0.292432004500273,0.707567995499727,1,"CF-enriched"
"hsa-miR-942-5p",0,0.689746371613458,0.310253628386542,1,"Mixed"
"hsa-miR-95-5p",0,1,0,1,"Tissue-enriched"
"hsa-miR-96-5p",0,0.804489650197534,0.195510349802466,1,"Tissue-enriched"
"hsa-miR-98-5p",0,0.0285453023024948,0.971454697697505,1,"CF-enriched"
"hsa-miR-9901",0,0.838876796146979,0.161123203853021,1,"Tissue-enriched"
"hsa-miR-9985",0,0,1,1,"CF-enriched"
"hsa-miR-99a-5p",0,0.178230359369528,0.821769640630472,1,"CF-enriched"
"hsa-miR-99b-5p",0,0.101591893726382,0.898408106273618,1,"CF-enriched"
"hsa-mir-1-1",1,0,0,1,"Exo-enriched"
"hsa-mir-100",1,0,0,1,"Exo-enriched"
"hsa-mir-101-1",1,0,0,1,"Exo-enriched"
"hsa-mir-10392",1,0,0,1,"Exo-enriched"
"hsa-mir-10394",1,0,0,1,"Exo-enriched"
"hsa-mir-10396a",1,0,0,1,"Exo-enriched"
"hsa-mir-10396b",1,0,0,1,"Exo-enriched"
"hsa-mir-10399",1,0,0,1,"Exo-enriched"
"hsa-mir-103a-2",1,0,0,1,"Exo-enriched"
"hsa-mir-10401",1,0,0,1,"Exo-enriched"
"hsa-mir-105-1",1,0,0,1,"Exo-enriched"
"hsa-mir-105-2",1,0,0,1,"Exo-enriched"
"hsa-mir-10527",1,0,0,1,"Exo-enriched"
"hsa-mir-106a",1,0,0,1,"Exo-enriched"
"hsa-mir-106b",1,0,0,1,"Exo-enriched"
"hsa-mir-10a",1,0,0,1,"Exo-enriched"
"hsa-mir-10b",1,0,0,1,"Exo-enriched"
"hsa-mir-11400",1,0,0,1,"Exo-enriched"
"hsa-mir-11401",1,0,0,1,"Exo-enriched"
"hsa-mir-1193",1,0,0,1,"Exo-enriched"
"hsa-mir-12114",1,0,0,1,"Exo-enriched"
"hsa-mir-12136",1,0,0,1,"Exo-enriched"
"hsa-mir-122",1,0,0,1,"Exo-enriched"
"hsa-mir-1224",1,0,0,1,"Exo-enriched"
"hsa-mir-1226",1,0,0,1,"Exo-enriched"
"hsa-mir-1228",1,0,0,1,"Exo-enriched"
"hsa-mir-122b",1,0,0,1,"Exo-enriched"
"hsa-mir-1236",1,0,0,1,"Exo-enriched"
"hsa-mir-124-1",1,0,0,1,"Exo-enriched"
"hsa-mir-124-2",1,0,0,1,"Exo-enriched"
"hsa-mir-124-3",1,0,0,1,"Exo-enriched"
"hsa-mir-1246",1,0,0,1,"Exo-enriched"
"hsa-mir-1248",1,0,0,1,"Exo-enriched"
"hsa-mir-1250",1,0,0,1,"Exo-enriched"
"hsa-mir-1251",1,0,0,1,"Exo-enriched"
"hsa-mir-1255a",1,0,0,1,"Exo-enriched"
"hsa-mir-1255b-1",1,0,0,1,"Exo-enriched"
"hsa-mir-1255b-2",1,0,0,1,"Exo-enriched"
"hsa-mir-1256",1,0,0,1,"Exo-enriched"
"hsa-mir-125a",1,0,0,1,"Exo-enriched"
"hsa-mir-125b-1",1,0,0,1,"Exo-enriched"
"hsa-mir-125b-2",1,0,0,1,"Exo-enriched"
"hsa-mir-126",1,0,0,1,"Exo-enriched"
"hsa-mir-1260a",1,0,0,1,"Exo-enriched"
"hsa-mir-1260b",1,0,0,1,"Exo-enriched"
"hsa-mir-1262",1,0,0,1,"Exo-enriched"
"hsa-mir-1267",1,0,0,1,"Exo-enriched"
"hsa-mir-1268a",1,0,0,1,"Exo-enriched"
"hsa-mir-1268b",1,0,0,1,"Exo-enriched"
"hsa-mir-1269b",1,0,0,1,"Exo-enriched"
"hsa-mir-127",1,0,0,1,"Exo-enriched"
"hsa-mir-1270",1,0,0,1,"Exo-enriched"
"hsa-mir-1271",1,0,0,1,"Exo-enriched"
"hsa-mir-1273c",1,0,0,1,"Exo-enriched"
"hsa-mir-1273h",1,0,0,1,"Exo-enriched"
"hsa-mir-1275",1,0,0,1,"Exo-enriched"
"hsa-mir-1276",1,0,0,1,"Exo-enriched"
"hsa-mir-1277",1,0,0,1,"Exo-enriched"
"hsa-mir-128-1",1,0,0,1,"Exo-enriched"
"hsa-mir-128-2",1,0,0,1,"Exo-enriched"
"hsa-mir-1284",1,0,0,1,"Exo-enriched"
"hsa-mir-1285-1",1,0,0,1,"Exo-enriched"
"hsa-mir-1287",1,0,0,1,"Exo-enriched"
"hsa-mir-129-1",1,0,0,1,"Exo-enriched"
"hsa-mir-129-2",1,0,0,1,"Exo-enriched"
"hsa-mir-1291",1,0,0,1,"Exo-enriched"
"hsa-mir-1292",1,0,0,1,"Exo-enriched"
"hsa-mir-1293",1,0,0,1,"Exo-enriched"
"hsa-mir-1296",1,0,0,1,"Exo-enriched"
"hsa-mir-1298",1,0,0,1,"Exo-enriched"
"hsa-mir-1302-7",1,0,0,1,"Exo-enriched"
"hsa-mir-1304",1,0,0,1,"Exo-enriched"
"hsa-mir-1306",1,0,0,1,"Exo-enriched"
"hsa-mir-130b",1,0,0,1,"Exo-enriched"
"hsa-mir-132",1,0,0,1,"Exo-enriched"
"hsa-mir-133a-1",1,0,0,1,"Exo-enriched"
"hsa-mir-133a-2",1,0,0,1,"Exo-enriched"
"hsa-mir-134",1,0,0,1,"Exo-enriched"
"hsa-mir-135a-1",1,0,0,1,"Exo-enriched"
"hsa-mir-135a-2",1,0,0,1,"Exo-enriched"
"hsa-mir-135b",1,0,0,1,"Exo-enriched"
"hsa-mir-136",1,0,0,1,"Exo-enriched"
"hsa-mir-137",1,0,0,1,"Exo-enriched"
"hsa-mir-138-1",1,0,0,1,"Exo-enriched"
"hsa-mir-138-2",1,0,0,1,"Exo-enriched"
"hsa-mir-139",1,0,0,1,"Exo-enriched"
"hsa-mir-140",1,0,0,1,"Exo-enriched"
"hsa-mir-141",1,0,0,1,"Exo-enriched"
"hsa-mir-142",1,0,0,1,"Exo-enriched"
"hsa-mir-143",1,0,0,1,"Exo-enriched"
"hsa-mir-144",1,0,0,1,"Exo-enriched"
"hsa-mir-145",1,0,0,1,"Exo-enriched"
"hsa-mir-1468",1,0,0,1,"Exo-enriched"
"hsa-mir-146a",1,0,0,1,"Exo-enriched"
"hsa-mir-146b",1,0,0,1,"Exo-enriched"
"hsa-mir-147b",1,0,0,1,"Exo-enriched"
"hsa-mir-148a",1,0,0,1,"Exo-enriched"
"hsa-mir-148b",1,0,0,1,"Exo-enriched"
"hsa-mir-149",1,0,0,1,"Exo-enriched"
"hsa-mir-150",1,0,0,1,"Exo-enriched"
"hsa-mir-151a",1,0,0,1,"Exo-enriched"
"hsa-mir-152",1,0,0,1,"Exo-enriched"
"hsa-mir-154",1,0,0,1,"Exo-enriched"
"hsa-mir-155",1,0,0,1,"Exo-enriched"
"hsa-mir-15a",1,0,0,1,"Exo-enriched"
"hsa-mir-15b",1,0,0,1,"Exo-enriched"
"hsa-mir-16-1",1,0,0,1,"Exo-enriched"
"hsa-mir-16-2",1,0,0,1,"Exo-enriched"
"hsa-mir-17",1,0,0,1,"Exo-enriched"
"hsa-mir-181a-1",1,0,0,1,"Exo-enriched"
"hsa-mir-181b-1",1,0,0,1,"Exo-enriched"
"hsa-mir-181b-2",1,0,0,1,"Exo-enriched"
"hsa-mir-181c",1,0,0,1,"Exo-enriched"
"hsa-mir-181d",1,0,0,1,"Exo-enriched"
"hsa-mir-182",1,0,0,1,"Exo-enriched"
"hsa-mir-183",1,0,0,1,"Exo-enriched"
"hsa-mir-1843",1,0,0,1,"Exo-enriched"
"hsa-mir-185",1,0,0,1,"Exo-enriched"
"hsa-mir-186",1,0,0,1,"Exo-enriched"
"hsa-mir-187",1,0,0,1,"Exo-enriched"
"hsa-mir-188",1,0,0,1,"Exo-enriched"
"hsa-mir-18a",1,0,0,1,"Exo-enriched"
"hsa-mir-18b",1,0,0,1,"Exo-enriched"
"hsa-mir-1908",1,0,0,1,"Exo-enriched"
"hsa-mir-190a",1,0,0,1,"Exo-enriched"
"hsa-mir-190b",1,0,0,1,"Exo-enriched"
"hsa-mir-191",1,0,0,1,"Exo-enriched"
"hsa-mir-1910",1,0,0,1,"Exo-enriched"
"hsa-mir-1911",1,0,0,1,"Exo-enriched"
"hsa-mir-1912",1,0,0,1,"Exo-enriched"
"hsa-mir-192",1,0,0,1,"Exo-enriched"
"hsa-mir-193a",1,0,0,1,"Exo-enriched"
"hsa-mir-193b",1,0,0,1,"Exo-enriched"
"hsa-mir-194-1",1,0,0,1,"Exo-enriched"
"hsa-mir-194-2",1,0,0,1,"Exo-enriched"
"hsa-mir-195",1,0,0,1,"Exo-enriched"
"hsa-mir-196a-1",1,0,0,1,"Exo-enriched"
"hsa-mir-196a-2",1,0,0,1,"Exo-enriched"
"hsa-mir-196b",1,0,0,1,"Exo-enriched"
"hsa-mir-197",1,0,0,1,"Exo-enriched"
"hsa-mir-199a-1",1,0,0,1,"Exo-enriched"
"hsa-mir-199a-2",1,0,0,1,"Exo-enriched"
"hsa-mir-199b",1,0,0,1,"Exo-enriched"
"hsa-mir-200a",1,0,0,1,"Exo-enriched"
"hsa-mir-200b",1,0,0,1,"Exo-enriched"
"hsa-mir-200c",1,0,0,1,"Exo-enriched"
"hsa-mir-202",1,0,0,1,"Exo-enriched"
"hsa-mir-203a",1,0,0,1,"Exo-enriched"
"hsa-mir-204",1,0,0,1,"Exo-enriched"
"hsa-mir-205",1,0,0,1,"Exo-enriched"
"hsa-mir-20a",1,0,0,1,"Exo-enriched"
"hsa-mir-20b",1,0,0,1,"Exo-enriched"
"hsa-mir-21",1,0,0,1,"Exo-enriched"
"hsa-mir-211",1,0,0,1,"Exo-enriched"
"hsa-mir-2110",1,0,0,1,"Exo-enriched"
"hsa-mir-2115",1,0,0,1,"Exo-enriched"
"hsa-mir-2116",1,0,0,1,"Exo-enriched"
"hsa-mir-212",1,0,0,1,"Exo-enriched"
"hsa-mir-214",1,0,0,1,"Exo-enriched"
"hsa-mir-215",1,0,0,1,"Exo-enriched"
"hsa-mir-216a",1,0,0,1,"Exo-enriched"
"hsa-mir-216b",1,0,0,1,"Exo-enriched"
"hsa-mir-217",1,0,0,1,"Exo-enriched"
"hsa-mir-218-1",1,0,0,1,"Exo-enriched"
"hsa-mir-218-2",1,0,0,1,"Exo-enriched"
"hsa-mir-219a-1",1,0,0,1,"Exo-enriched"
"hsa-mir-219a-2",1,0,0,1,"Exo-enriched"
"hsa-mir-22",1,0,0,1,"Exo-enriched"
"hsa-mir-221",1,0,0,1,"Exo-enriched"
"hsa-mir-222",1,0,0,1,"Exo-enriched"
"hsa-mir-223",1,0,0,1,"Exo-enriched"
"hsa-mir-224",1,0,0,1,"Exo-enriched"
"hsa-mir-2277",1,0,0,1,"Exo-enriched"
"hsa-mir-2278",1,0,0,1,"Exo-enriched"
"hsa-mir-2355",1,0,0,1,"Exo-enriched"
"hsa-mir-23a",1,0,0,1,"Exo-enriched"
"hsa-mir-23b",1,0,0,1,"Exo-enriched"
"hsa-mir-24-1",1,0,0,1,"Exo-enriched"
"hsa-mir-24-2",1,0,0,1,"Exo-enriched"
"hsa-mir-25",1,0,0,1,"Exo-enriched"
"hsa-mir-2682",1,0,0,1,"Exo-enriched"
"hsa-mir-26a-1",1,0,0,1,"Exo-enriched"
"hsa-mir-26a-2",1,0,0,1,"Exo-enriched"
"hsa-mir-26b",1,0,0,1,"Exo-enriched"
"hsa-mir-27a",1,0,0,1,"Exo-enriched"
"hsa-mir-27b",1,0,0,1,"Exo-enriched"
"hsa-mir-28",1,0,0,1,"Exo-enriched"
"hsa-mir-296",1,0,0,1,"Exo-enriched"
"hsa-mir-299",1,0,0,1,"Exo-enriched"
"hsa-mir-29a",1,0,0,1,"Exo-enriched"
"hsa-mir-29b-1",1,0,0,1,"Exo-enriched"
"hsa-mir-29b-2",1,0,0,1,"Exo-enriched"
"hsa-mir-29c",1,0,0,1,"Exo-enriched"
"hsa-mir-301a",1,0,0,1,"Exo-enriched"
"hsa-mir-302a",1,0,0,1,"Exo-enriched"
"hsa-mir-3059",1,0,0,1,"Exo-enriched"
"hsa-mir-3064",1,0,0,1,"Exo-enriched"
"hsa-mir-3065",1,0,0,1,"Exo-enriched"
"hsa-mir-3074",1,0,0,1,"Exo-enriched"
"hsa-mir-30a",1,0,0,1,"Exo-enriched"
"hsa-mir-30b",1,0,0,1,"Exo-enriched"
"hsa-mir-30c-1",1,0,0,1,"Exo-enriched"
"hsa-mir-30c-2",1,0,0,1,"Exo-enriched"
"hsa-mir-30d",1,0,0,1,"Exo-enriched"
"hsa-mir-30e",1,0,0,1,"Exo-enriched"
"hsa-mir-31",1,0,0,1,"Exo-enriched"
"hsa-mir-3115",1,0,0,1,"Exo-enriched"
"hsa-mir-3120",1,0,0,1,"Exo-enriched"
"hsa-mir-3124",1,0,0,1,"Exo-enriched"
"hsa-mir-3126",1,0,0,1,"Exo-enriched"
"hsa-mir-3127",1,0,0,1,"Exo-enriched"
"hsa-mir-3128",1,0,0,1,"Exo-enriched"
"hsa-mir-3131",1,0,0,1,"Exo-enriched"
"hsa-mir-3135a",1,0,0,1,"Exo-enriched"
"hsa-mir-3137",1,0,0,1,"Exo-enriched"
"hsa-mir-3139",1,0,0,1,"Exo-enriched"
"hsa-mir-3143",1,0,0,1,"Exo-enriched"
"hsa-mir-3148",1,0,0,1,"Exo-enriched"
"hsa-mir-3150a",1,0,0,1,"Exo-enriched"
"hsa-mir-3151",1,0,0,1,"Exo-enriched"
"hsa-mir-3157",1,0,0,1,"Exo-enriched"
"hsa-mir-3159",1,0,0,1,"Exo-enriched"
"hsa-mir-3161",1,0,0,1,"Exo-enriched"
"hsa-mir-3163",1,0,0,1,"Exo-enriched"
"hsa-mir-3164",1,0,0,1,"Exo-enriched"
"hsa-mir-3168",1,0,0,1,"Exo-enriched"
"hsa-mir-3170",1,0,0,1,"Exo-enriched"
"hsa-mir-3173",1,0,0,1,"Exo-enriched"
"hsa-mir-3174",1,0,0,1,"Exo-enriched"
"hsa-mir-3180-1",1,0,0,1,"Exo-enriched"
"hsa-mir-3180-2",1,0,0,1,"Exo-enriched"
"hsa-mir-3180-3",1,0,0,1,"Exo-enriched"
"hsa-mir-3180-4",1,0,0,1,"Exo-enriched"
"hsa-mir-3180-5",1,0,0,1,"Exo-enriched"
"hsa-mir-3186",1,0,0,1,"Exo-enriched"
"hsa-mir-3187",1,0,0,1,"Exo-enriched"
"hsa-mir-3192",1,0,0,1,"Exo-enriched"
"hsa-mir-3199-1",1,0,0,1,"Exo-enriched"
"hsa-mir-3199-2",1,0,0,1,"Exo-enriched"
"hsa-mir-32",1,0,0,1,"Exo-enriched"
"hsa-mir-3202-1",1,0,0,1,"Exo-enriched"
"hsa-mir-3202-2",1,0,0,1,"Exo-enriched"
"hsa-mir-320d-1",1,0,0,1,"Exo-enriched"
"hsa-mir-320d-2",1,0,0,1,"Exo-enriched"
"hsa-mir-323a",1,0,0,1,"Exo-enriched"
"hsa-mir-324",1,0,0,1,"Exo-enriched"
"hsa-mir-325",1,0,0,1,"Exo-enriched"
"hsa-mir-328",1,0,0,1,"Exo-enriched"
"hsa-mir-329-1",1,0,0,1,"Exo-enriched"
"hsa-mir-329-2",1,0,0,1,"Exo-enriched"
"hsa-mir-330",1,0,0,1,"Exo-enriched"
"hsa-mir-331",1,0,0,1,"Exo-enriched"
"hsa-mir-335",1,0,0,1,"Exo-enriched"
"hsa-mir-337",1,0,0,1,"Exo-enriched"
"hsa-mir-338",1,0,0,1,"Exo-enriched"
"hsa-mir-339",1,0,0,1,"Exo-enriched"
"hsa-mir-33a",1,0,0,1,"Exo-enriched"
"hsa-mir-340",1,0,0,1,"Exo-enriched"
"hsa-mir-342",1,0,0,1,"Exo-enriched"
"hsa-mir-345",1,0,0,1,"Exo-enriched"
"hsa-mir-34a",1,0,0,1,"Exo-enriched"
"hsa-mir-34b",1,0,0,1,"Exo-enriched"
"hsa-mir-34c",1,0,0,1,"Exo-enriched"
"hsa-mir-3605",1,0,0,1,"Exo-enriched"
"hsa-mir-361",1,0,0,1,"Exo-enriched"
"hsa-mir-3613",1,0,0,1,"Exo-enriched"
"hsa-mir-3614",1,0,0,1,"Exo-enriched"
"hsa-mir-3617",1,0,0,1,"Exo-enriched"
"hsa-mir-362",1,0,0,1,"Exo-enriched"
"hsa-mir-3620",1,0,0,1,"Exo-enriched"
"hsa-mir-3622a",1,0,0,1,"Exo-enriched"
"hsa-mir-363",1,0,0,1,"Exo-enriched"
"hsa-mir-365a",1,0,0,1,"Exo-enriched"
"hsa-mir-365b",1,0,0,1,"Exo-enriched"
"hsa-mir-3661",1,0,0,1,"Exo-enriched"
"hsa-mir-3675",1,0,0,1,"Exo-enriched"
"hsa-mir-3677",1,0,0,1,"Exo-enriched"
"hsa-mir-3679",1,0,0,1,"Exo-enriched"
"hsa-mir-3680-1",1,0,0,1,"Exo-enriched"
"hsa-mir-3680-2",1,0,0,1,"Exo-enriched"
"hsa-mir-3685",1,0,0,1,"Exo-enriched"
"hsa-mir-3689f",1,0,0,1,"Exo-enriched"
"hsa-mir-369",1,0,0,1,"Exo-enriched"
"hsa-mir-3690-1",1,0,0,1,"Exo-enriched"
"hsa-mir-3690-2",1,0,0,1,"Exo-enriched"
"hsa-mir-3691",1,0,0,1,"Exo-enriched"
"hsa-mir-370",1,0,0,1,"Exo-enriched"
"hsa-mir-371a",1,0,0,1,"Exo-enriched"
"hsa-mir-371b",1,0,0,1,"Exo-enriched"
"hsa-mir-374a",1,0,0,1,"Exo-enriched"
"hsa-mir-374b",1,0,0,1,"Exo-enriched"
"hsa-mir-374c",1,0,0,1,"Exo-enriched"
"hsa-mir-376a-1",1,0,0,1,"Exo-enriched"
"hsa-mir-376b",1,0,0,1,"Exo-enriched"
"hsa-mir-376c",1,0,0,1,"Exo-enriched"
"hsa-mir-377",1,0,0,1,"Exo-enriched"
"hsa-mir-378a",1,0,0,1,"Exo-enriched"
"hsa-mir-378b",1,0,0,1,"Exo-enriched"
"hsa-mir-378c",1,0,0,1,"Exo-enriched"
"hsa-mir-378d-1",1,0,0,1,"Exo-enriched"
"hsa-mir-378d-2",1,0,0,1,"Exo-enriched"
"hsa-mir-378g",1,0,0,1,"Exo-enriched"
"hsa-mir-378h",1,0,0,1,"Exo-enriched"
"hsa-mir-378i",1,0,0,1,"Exo-enriched"
"hsa-mir-378j",1,0,0,1,"Exo-enriched"
"hsa-mir-379",1,0,0,1,"Exo-enriched"
"hsa-mir-380",1,0,0,1,"Exo-enriched"
"hsa-mir-382",1,0,0,1,"Exo-enriched"
"hsa-mir-383",1,0,0,1,"Exo-enriched"
"hsa-mir-3911",1,0,0,1,"Exo-enriched"
"hsa-mir-3913-1",1,0,0,1,"Exo-enriched"
"hsa-mir-3913-2",1,0,0,1,"Exo-enriched"
"hsa-mir-3916",1,0,0,1,"Exo-enriched"
"hsa-mir-3918",1,0,0,1,"Exo-enriched"
"hsa-mir-3928",1,0,0,1,"Exo-enriched"
"hsa-mir-3934",1,0,0,1,"Exo-enriched"
"hsa-mir-3942",1,0,0,1,"Exo-enriched"
"hsa-mir-409",1,0,0,1,"Exo-enriched"
"hsa-mir-410",1,0,0,1,"Exo-enriched"
"hsa-mir-411",1,0,0,1,"Exo-enriched"
"hsa-mir-412",1,0,0,1,"Exo-enriched"
"hsa-mir-422a",1,0,0,1,"Exo-enriched"
"hsa-mir-423",1,0,0,1,"Exo-enriched"
"hsa-mir-424",1,0,0,1,"Exo-enriched"
"hsa-mir-425",1,0,0,1,"Exo-enriched"
"hsa-mir-4286",1,0,0,1,"Exo-enriched"
"hsa-mir-431",1,0,0,1,"Exo-enriched"
"hsa-mir-432",1,0,0,1,"Exo-enriched"
"hsa-mir-4326",1,0,0,1,"Exo-enriched"
"hsa-mir-4327",1,0,0,1,"Exo-enriched"
"hsa-mir-4429",1,0,0,1,"Exo-enriched"
"hsa-mir-4430",1,0,0,1,"Exo-enriched"
"hsa-mir-4433b",1,0,0,1,"Exo-enriched"
"hsa-mir-4435-1",1,0,0,1,"Exo-enriched"
"hsa-mir-4435-2",1,0,0,1,"Exo-enriched"
"hsa-mir-4443",1,0,0,1,"Exo-enriched"
"hsa-mir-4454",1,0,0,1,"Exo-enriched"
"hsa-mir-4466",1,0,0,1,"Exo-enriched"
"hsa-mir-4467",1,0,0,1,"Exo-enriched"
"hsa-mir-4478",1,0,0,1,"Exo-enriched"
"hsa-mir-4485",1,0,0,1,"Exo-enriched"
"hsa-mir-4488",1,0,0,1,"Exo-enriched"
"hsa-mir-4489",1,0,0,1,"Exo-enriched"
"hsa-mir-4498",1,0,0,1,"Exo-enriched"
"hsa-mir-449a",1,0,0,1,"Exo-enriched"
"hsa-mir-449c",1,0,0,1,"Exo-enriched"
"hsa-mir-4508",1,0,0,1,"Exo-enriched"
"hsa-mir-450a-1",1,0,0,1,"Exo-enriched"
"hsa-mir-450a-2",1,0,0,1,"Exo-enriched"
"hsa-mir-450b",1,0,0,1,"Exo-enriched"
"hsa-mir-4510",1,0,0,1,"Exo-enriched"
"hsa-mir-4511",1,0,0,1,"Exo-enriched"
"hsa-mir-4513",1,0,0,1,"Exo-enriched"
"hsa-mir-4515",1,0,0,1,"Exo-enriched"
"hsa-mir-4516",1,0,0,1,"Exo-enriched"
"hsa-mir-451a",1,0,0,1,"Exo-enriched"
"hsa-mir-451b",1,0,0,1,"Exo-enriched"
"hsa-mir-452",1,0,0,1,"Exo-enriched"
"hsa-mir-4521",1,0,0,1,"Exo-enriched"
"hsa-mir-4533",1,0,0,1,"Exo-enriched"
"hsa-mir-454",1,0,0,1,"Exo-enriched"
"hsa-mir-455",1,0,0,1,"Exo-enriched"
"hsa-mir-4638",1,0,0,1,"Exo-enriched"
"hsa-mir-4639",1,0,0,1,"Exo-enriched"
"hsa-mir-4646",1,0,0,1,"Exo-enriched"
"hsa-mir-4647",1,0,0,1,"Exo-enriched"
"hsa-mir-4654",1,0,0,1,"Exo-enriched"
"hsa-mir-4658",1,0,0,1,"Exo-enriched"
"hsa-mir-4660",1,0,0,1,"Exo-enriched"
"hsa-mir-4661",1,0,0,1,"Exo-enriched"
"hsa-mir-4662a",1,0,0,1,"Exo-enriched"
"hsa-mir-4665",1,0,0,1,"Exo-enriched"
"hsa-mir-4667",1,0,0,1,"Exo-enriched"
"hsa-mir-4668",1,0,0,1,"Exo-enriched"
"hsa-mir-4669",1,0,0,1,"Exo-enriched"
"hsa-mir-4677",1,0,0,1,"Exo-enriched"
"hsa-mir-4686",1,0,0,1,"Exo-enriched"
"hsa-mir-4689",1,0,0,1,"Exo-enriched"
"hsa-mir-4690",1,0,0,1,"Exo-enriched"
"hsa-mir-4697",1,0,0,1,"Exo-enriched"
"hsa-mir-4711",1,0,0,1,"Exo-enriched"
"hsa-mir-4723",1,0,0,1,"Exo-enriched"
"hsa-mir-4726",1,0,0,1,"Exo-enriched"
"hsa-mir-4732",1,0,0,1,"Exo-enriched"
"hsa-mir-4742",1,0,0,1,"Exo-enriched"
"hsa-mir-4743",1,0,0,1,"Exo-enriched"
"hsa-mir-4745",1,0,0,1,"Exo-enriched"
"hsa-mir-4746",1,0,0,1,"Exo-enriched"
"hsa-mir-4750",1,0,0,1,"Exo-enriched"
"hsa-mir-4753",1,0,0,1,"Exo-enriched"
"hsa-mir-4755",1,0,0,1,"Exo-enriched"
"hsa-mir-4772",1,0,0,1,"Exo-enriched"
"hsa-mir-4775",1,0,0,1,"Exo-enriched"
"hsa-mir-4786",1,0,0,1,"Exo-enriched"
"hsa-mir-4787",1,0,0,1,"Exo-enriched"
"hsa-mir-4796",1,0,0,1,"Exo-enriched"
"hsa-mir-4798",1,0,0,1,"Exo-enriched"
"hsa-mir-4799",1,0,0,1,"Exo-enriched"
"hsa-mir-4800",1,0,0,1,"Exo-enriched"
"hsa-mir-483",1,0,0,1,"Exo-enriched"
"hsa-mir-484",1,0,0,1,"Exo-enriched"
"hsa-mir-485",1,0,0,1,"Exo-enriched"
"hsa-mir-486-1",1,0,0,1,"Exo-enriched"
"hsa-mir-486-2",1,0,0,1,"Exo-enriched"
"hsa-mir-487a",1,0,0,1,"Exo-enriched"
"hsa-mir-490",1,0,0,1,"Exo-enriched"
"hsa-mir-491",1,0,0,1,"Exo-enriched"
"hsa-mir-493",1,0,0,1,"Exo-enriched"
"hsa-mir-494",1,0,0,1,"Exo-enriched"
"hsa-mir-495",1,0,0,1,"Exo-enriched"
"hsa-mir-497",1,0,0,1,"Exo-enriched"
"hsa-mir-4999",1,0,0,1,"Exo-enriched"
"hsa-mir-499a",1,0,0,1,"Exo-enriched"
"hsa-mir-499b",1,0,0,1,"Exo-enriched"
"hsa-mir-5004",1,0,0,1,"Exo-enriched"
"hsa-mir-5009",1,0,0,1,"Exo-enriched"
"hsa-mir-500a",1,0,0,1,"Exo-enriched"
"hsa-mir-500b",1,0,0,1,"Exo-enriched"
"hsa-mir-501",1,0,0,1,"Exo-enriched"
"hsa-mir-5010",1,0,0,1,"Exo-enriched"
"hsa-mir-502",1,0,0,1,"Exo-enriched"
"hsa-mir-503",1,0,0,1,"Exo-enriched"
"hsa-mir-504",1,0,0,1,"Exo-enriched"
"hsa-mir-505",1,0,0,1,"Exo-enriched"
"hsa-mir-508",1,0,0,1,"Exo-enriched"
"hsa-mir-509-3",1,0,0,1,"Exo-enriched"
"hsa-mir-5090",1,0,0,1,"Exo-enriched"
"hsa-mir-5091",1,0,0,1,"Exo-enriched"
"hsa-mir-5094",1,0,0,1,"Exo-enriched"
"hsa-mir-511",1,0,0,1,"Exo-enriched"
"hsa-mir-516a-1",1,0,0,1,"Exo-enriched"
"hsa-mir-516a-2",1,0,0,1,"Exo-enriched"
"hsa-mir-516b-1",1,0,0,1,"Exo-enriched"
"hsa-mir-516b-2",1,0,0,1,"Exo-enriched"
"hsa-mir-5187",1,0,0,1,"Exo-enriched"
"hsa-mir-5189",1,0,0,1,"Exo-enriched"
"hsa-mir-519a-1",1,0,0,1,"Exo-enriched"
"hsa-mir-526b",1,0,0,1,"Exo-enriched"
"hsa-mir-532",1,0,0,1,"Exo-enriched"
"hsa-mir-539",1,0,0,1,"Exo-enriched"
"hsa-mir-541",1,0,0,1,"Exo-enriched"
"hsa-mir-542",1,0,0,1,"Exo-enriched"
"hsa-mir-548ab",1,0,0,1,"Exo-enriched"
"hsa-mir-548ad",1,0,0,1,"Exo-enriched"
"hsa-mir-548ae-2",1,0,0,1,"Exo-enriched"
"hsa-mir-548ag-1",1,0,0,1,"Exo-enriched"
"hsa-mir-548ag-2",1,0,0,1,"Exo-enriched"
"hsa-mir-548am",1,0,0,1,"Exo-enriched"
"hsa-mir-548ap",1,0,0,1,"Exo-enriched"
"hsa-mir-548aq",1,0,0,1,"Exo-enriched"
"hsa-mir-548ar",1,0,0,1,"Exo-enriched"
"hsa-mir-548at",1,0,0,1,"Exo-enriched"
"hsa-mir-548au",1,0,0,1,"Exo-enriched"
"hsa-mir-548ay",1,0,0,1,"Exo-enriched"
"hsa-mir-548az",1,0,0,1,"Exo-enriched"
"hsa-mir-548b",1,0,0,1,"Exo-enriched"
"hsa-mir-548c",1,0,0,1,"Exo-enriched"
"hsa-mir-548d-1",1,0,0,1,"Exo-enriched"
"hsa-mir-548d-2",1,0,0,1,"Exo-enriched"
"hsa-mir-548i-1",1,0,0,1,"Exo-enriched"
"hsa-mir-548i-2",1,0,0,1,"Exo-enriched"
"hsa-mir-548i-3",1,0,0,1,"Exo-enriched"
"hsa-mir-548i-4",1,0,0,1,"Exo-enriched"
"hsa-mir-548j",1,0,0,1,"Exo-enriched"
"hsa-mir-548k",1,0,0,1,"Exo-enriched"
"hsa-mir-548l",1,0,0,1,"Exo-enriched"
"hsa-mir-548n",1,0,0,1,"Exo-enriched"
"hsa-mir-548o-2",1,0,0,1,"Exo-enriched"
"hsa-mir-548q",1,0,0,1,"Exo-enriched"
"hsa-mir-548t",1,0,0,1,"Exo-enriched"
"hsa-mir-548w",1,0,0,1,"Exo-enriched"
"hsa-mir-549a",1,0,0,1,"Exo-enriched"
"hsa-mir-550a-1",1,0,0,1,"Exo-enriched"
"hsa-mir-550a-2",1,0,0,1,"Exo-enriched"
"hsa-mir-550a-3",1,0,0,1,"Exo-enriched"
"hsa-mir-550b-1",1,0,0,1,"Exo-enriched"
"hsa-mir-550b-2",1,0,0,1,"Exo-enriched"
"hsa-mir-551b",1,0,0,1,"Exo-enriched"
"hsa-mir-552",1,0,0,1,"Exo-enriched"
"hsa-mir-556",1,0,0,1,"Exo-enriched"
"hsa-mir-5585",1,0,0,1,"Exo-enriched"
"hsa-mir-5697",1,0,0,1,"Exo-enriched"
"hsa-mir-5698",1,0,0,1,"Exo-enriched"
"hsa-mir-5701-1",1,0,0,1,"Exo-enriched"
"hsa-mir-5701-2",1,0,0,1,"Exo-enriched"
"hsa-mir-5701-3",1,0,0,1,"Exo-enriched"
"hsa-mir-574",1,0,0,1,"Exo-enriched"
"hsa-mir-576",1,0,0,1,"Exo-enriched"
"hsa-mir-577",1,0,0,1,"Exo-enriched"
"hsa-mir-579",1,0,0,1,"Exo-enriched"
"hsa-mir-581",1,0,0,1,"Exo-enriched"
"hsa-mir-582",1,0,0,1,"Exo-enriched"
"hsa-mir-584",1,0,0,1,"Exo-enriched"
"hsa-mir-588",1,0,0,1,"Exo-enriched"
"hsa-mir-589",1,0,0,1,"Exo-enriched"
"hsa-mir-592",1,0,0,1,"Exo-enriched"
"hsa-mir-598",1,0,0,1,"Exo-enriched"
"hsa-mir-605",1,0,0,1,"Exo-enriched"
"hsa-mir-610",1,0,0,1,"Exo-enriched"
"hsa-mir-6132",1,0,0,1,"Exo-enriched"
"hsa-mir-615",1,0,0,1,"Exo-enriched"
"hsa-mir-616",1,0,0,1,"Exo-enriched"
"hsa-mir-618",1,0,0,1,"Exo-enriched"
"hsa-mir-619",1,0,0,1,"Exo-enriched"
"hsa-mir-624",1,0,0,1,"Exo-enriched"
"hsa-mir-625",1,0,0,1,"Exo-enriched"
"hsa-mir-627",1,0,0,1,"Exo-enriched"
"hsa-mir-628",1,0,0,1,"Exo-enriched"
"hsa-mir-629",1,0,0,1,"Exo-enriched"
"hsa-mir-641",1,0,0,1,"Exo-enriched"
"hsa-mir-642a",1,0,0,1,"Exo-enriched"
"hsa-mir-6501",1,0,0,1,"Exo-enriched"
"hsa-mir-6502",1,0,0,1,"Exo-enriched"
"hsa-mir-6504",1,0,0,1,"Exo-enriched"
"hsa-mir-6505",1,0,0,1,"Exo-enriched"
"hsa-mir-651",1,0,0,1,"Exo-enriched"
"hsa-mir-6510",1,0,0,1,"Exo-enriched"
"hsa-mir-6511a-1",1,0,0,1,"Exo-enriched"
"hsa-mir-6511a-2",1,0,0,1,"Exo-enriched"
"hsa-mir-6511a-3",1,0,0,1,"Exo-enriched"
"hsa-mir-6511a-4",1,0,0,1,"Exo-enriched"
"hsa-mir-6511b-1",1,0,0,1,"Exo-enriched"
"hsa-mir-6511b-2",1,0,0,1,"Exo-enriched"
"hsa-mir-6513",1,0,0,1,"Exo-enriched"
"hsa-mir-6514",1,0,0,1,"Exo-enriched"
"hsa-mir-6515",1,0,0,1,"Exo-enriched"
"hsa-mir-6516",1,0,0,1,"Exo-enriched"
"hsa-mir-652",1,0,0,1,"Exo-enriched"
"hsa-mir-6529",1,0,0,1,"Exo-enriched"
"hsa-mir-654",1,0,0,1,"Exo-enriched"
"hsa-mir-659",1,0,0,1,"Exo-enriched"
"hsa-mir-660",1,0,0,1,"Exo-enriched"
"hsa-mir-664a",1,0,0,1,"Exo-enriched"
"hsa-mir-664b",1,0,0,1,"Exo-enriched"
"hsa-mir-671",1,0,0,1,"Exo-enriched"
"hsa-mir-6718",1,0,0,1,"Exo-enriched"
"hsa-mir-6721",1,0,0,1,"Exo-enriched"
"hsa-mir-6724-1",1,0,0,1,"Exo-enriched"
"hsa-mir-6724-2",1,0,0,1,"Exo-enriched"
"hsa-mir-6724-3",1,0,0,1,"Exo-enriched"
"hsa-mir-6724-4",1,0,0,1,"Exo-enriched"
"hsa-mir-6726",1,0,0,1,"Exo-enriched"
"hsa-mir-6727",1,0,0,1,"Exo-enriched"
"hsa-mir-6733",1,0,0,1,"Exo-enriched"
"hsa-mir-6734",1,0,0,1,"Exo-enriched"
"hsa-mir-6735",1,0,0,1,"Exo-enriched"
"hsa-mir-6741",1,0,0,1,"Exo-enriched"
"hsa-mir-6748",1,0,0,1,"Exo-enriched"
"hsa-mir-675",1,0,0,1,"Exo-enriched"
"hsa-mir-6754",1,0,0,1,"Exo-enriched"
"hsa-mir-6755",1,0,0,1,"Exo-enriched"
"hsa-mir-6764",1,0,0,1,"Exo-enriched"
"hsa-mir-6766",1,0,0,1,"Exo-enriched"
"hsa-mir-6767",1,0,0,1,"Exo-enriched"
"hsa-mir-6770-1",1,0,0,1,"Exo-enriched"
"hsa-mir-6770-2",1,0,0,1,"Exo-enriched"
"hsa-mir-6770-3",1,0,0,1,"Exo-enriched"
"hsa-mir-6774",1,0,0,1,"Exo-enriched"
"hsa-mir-6780a",1,0,0,1,"Exo-enriched"
"hsa-mir-6781",1,0,0,1,"Exo-enriched"
"hsa-mir-6784",1,0,0,1,"Exo-enriched"
"hsa-mir-6785",1,0,0,1,"Exo-enriched"
"hsa-mir-6787",1,0,0,1,"Exo-enriched"
"hsa-mir-6791",1,0,0,1,"Exo-enriched"
"hsa-mir-6793",1,0,0,1,"Exo-enriched"
"hsa-mir-6800",1,0,0,1,"Exo-enriched"
"hsa-mir-6802",1,0,0,1,"Exo-enriched"
"hsa-mir-6804",1,0,0,1,"Exo-enriched"
"hsa-mir-6805",1,0,0,1,"Exo-enriched"
"hsa-mir-6807",1,0,0,1,"Exo-enriched"
"hsa-mir-6809",1,0,0,1,"Exo-enriched"
"hsa-mir-6810",1,0,0,1,"Exo-enriched"
"hsa-mir-6813",1,0,0,1,"Exo-enriched"
"hsa-mir-6818",1,0,0,1,"Exo-enriched"
"hsa-mir-6821",1,0,0,1,"Exo-enriched"
"hsa-mir-6824",1,0,0,1,"Exo-enriched"
"hsa-mir-6825",1,0,0,1,"Exo-enriched"
"hsa-mir-6829",1,0,0,1,"Exo-enriched"
"hsa-mir-6837",1,0,0,1,"Exo-enriched"
"hsa-mir-6839",1,0,0,1,"Exo-enriched"
"hsa-mir-6842",1,0,0,1,"Exo-enriched"
"hsa-mir-6846",1,0,0,1,"Exo-enriched"
"hsa-mir-6847",1,0,0,1,"Exo-enriched"
"hsa-mir-6848",1,0,0,1,"Exo-enriched"
"hsa-mir-6852",1,0,0,1,"Exo-enriched"
"hsa-mir-6854",1,0,0,1,"Exo-enriched"
"hsa-mir-6855",1,0,0,1,"Exo-enriched"
"hsa-mir-6858",1,0,0,1,"Exo-enriched"
"hsa-mir-6859-1",1,0,0,1,"Exo-enriched"
"hsa-mir-6859-2",1,0,0,1,"Exo-enriched"
"hsa-mir-6859-3",1,0,0,1,"Exo-enriched"
"hsa-mir-6859-4",1,0,0,1,"Exo-enriched"
"hsa-mir-6861",1,0,0,1,"Exo-enriched"
"hsa-mir-6862-1",1,0,0,1,"Exo-enriched"
"hsa-mir-6862-2",1,0,0,1,"Exo-enriched"
"hsa-mir-6864",1,0,0,1,"Exo-enriched"
"hsa-mir-6866",1,0,0,1,"Exo-enriched"
"hsa-mir-6868",1,0,0,1,"Exo-enriched"
"hsa-mir-6871",1,0,0,1,"Exo-enriched"
"hsa-mir-6877",1,0,0,1,"Exo-enriched"
"hsa-mir-6882",1,0,0,1,"Exo-enriched"
"hsa-mir-6886",1,0,0,1,"Exo-enriched"
"hsa-mir-6891",1,0,0,1,"Exo-enriched"
"hsa-mir-7-1",1,0,0,1,"Exo-enriched"
"hsa-mir-7-2",1,0,0,1,"Exo-enriched"
"hsa-mir-7-3",1,0,0,1,"Exo-enriched"
"hsa-mir-708",1,0,0,1,"Exo-enriched"
"hsa-mir-7109",1,0,0,1,"Exo-enriched"
"hsa-mir-7113",1,0,0,1,"Exo-enriched"
"hsa-mir-7114",1,0,0,1,"Exo-enriched"
"hsa-mir-7155",1,0,0,1,"Exo-enriched"
"hsa-mir-744",1,0,0,1,"Exo-enriched"
"hsa-mir-766",1,0,0,1,"Exo-enriched"
"hsa-mir-767",1,0,0,1,"Exo-enriched"
"hsa-mir-769",1,0,0,1,"Exo-enriched"
"hsa-mir-7704",1,0,0,1,"Exo-enriched"
"hsa-mir-7705",1,0,0,1,"Exo-enriched"
"hsa-mir-7845",1,0,0,1,"Exo-enriched"
"hsa-mir-7855",1,0,0,1,"Exo-enriched"
"hsa-mir-7856",1,0,0,1,"Exo-enriched"
"hsa-mir-7976",1,0,0,1,"Exo-enriched"
"hsa-mir-7977",1,0,0,1,"Exo-enriched"
"hsa-mir-802",1,0,0,1,"Exo-enriched"
"hsa-mir-8072",1,0,0,1,"Exo-enriched"
"hsa-mir-873",1,0,0,1,"Exo-enriched"
"hsa-mir-874",1,0,0,1,"Exo-enriched"
"hsa-mir-876",1,0,0,1,"Exo-enriched"
"hsa-mir-877",1,0,0,1,"Exo-enriched"
"hsa-mir-885",1,0,0,1,"Exo-enriched"
"hsa-mir-887",1,0,0,1,"Exo-enriched"
"hsa-mir-889",1,0,0,1,"Exo-enriched"
"hsa-mir-891a",1,0,0,1,"Exo-enriched"
"hsa-mir-9-1",1,0,0,1,"Exo-enriched"
"hsa-mir-9-2",1,0,0,1,"Exo-enriched"
"hsa-mir-9-3",1,0,0,1,"Exo-enriched"
"hsa-mir-92a-1",1,0,0,1,"Exo-enriched"
"hsa-mir-92b",1,0,0,1,"Exo-enriched"
"hsa-mir-93",1,0,0,1,"Exo-enriched"
"hsa-mir-939",1,0,0,1,"Exo-enriched"
"hsa-mir-942",1,0,0,1,"Exo-enriched"
"hsa-mir-95",1,0,0,1,"Exo-enriched"
"hsa-mir-96",1,0,0,1,"Exo-enriched"
"hsa-mir-98",1,0,0,1,"Exo-enriched"
"hsa-mir-9901",1,0,0,1,"Exo-enriched"
"hsa-mir-9985",1,0,0,1,"Exo-enriched"
"hsa-mir-99a",1,0,0,1,"Exo-enriched"
"hsa-mir-99b",1,0,0,1,"Exo-enriched"
